orig_name,random_name
082_fibrosis_040.png,orig00000.png
192_fibrosis_275.png,orig00001.png
194_fibrosis_325.png,orig00002.png
143_fibrosis_231.png,orig00003.png
078_fibrosis_280.png,orig00004.png
065_fibrosis_193.png,orig00005.png
034_fibrosis_300.png,orig00006.png
033_fibrosis_283.png,orig00007.png
034_fibrosis_049.png,orig00008.png
143_fibrosis_257.png,orig00009.png
148_fibrosis_350.png,orig00010.png
072_fibrosis_293.png,orig00011.png
080_fibrosis_158.png,orig00012.png
140_fibrosis_324.png,orig00013.png
197_fibrosis_266.png,orig00014.png
196_fibrosis_320.png,orig00015.png
066_fibrosis_350.png,orig00016.png
079_fibrosis_033.png,orig00017.png
197_fibrosis_278.png,orig00018.png
143_fibrosis_271.png,orig00019.png
064_fibrosis_358.png,orig00020.png
067_fibrosis_289.png,orig00021.png
193_fibrosis_193.png,orig00022.png
199_fibrosis_164.png,orig00023.png
080_fibrosis_032.png,orig00024.png
129_fibrosis_304.png,orig00025.png
077_fibrosis_096.png,orig00026.png
079_fibrosis_312.png,orig00027.png
139_fibrosis_366.png,orig00028.png
033_fibrosis_178.png,orig00029.png
084_fibrosis_330.png,orig00030.png
033_fibrosis_150.png,orig00031.png
064_fibrosis_350.png,orig00032.png
134_fibrosis_299.png,orig00033.png
140_fibrosis_331.png,orig00034.png
134_fibrosis_288.png,orig00035.png
132_fibrosis_319.png,orig00036.png
084_fibrosis_356.png,orig00037.png
079_fibrosis_282.png,orig00038.png
075_fibrosis_334.png,orig00039.png
081_fibrosis_069.png,orig00040.png
146_fibrosis_239.png,orig00041.png
143_fibrosis_280.png,orig00042.png
065_fibrosis_350.png,orig00043.png
082_fibrosis_129.png,orig00044.png
075_fibrosis_324.png,orig00045.png
148_fibrosis_336.png,orig00046.png
073_fibrosis_338.png,orig00047.png
081_fibrosis_402.png,orig00048.png
067_fibrosis_258.png,orig00049.png
128_fibrosis_287.png,orig00050.png
197_fibrosis_269.png,orig00051.png
081_fibrosis_189.png,orig00052.png
193_fibrosis_219.png,orig00053.png
065_fibrosis_168.png,orig00054.png
080_fibrosis_163.png,orig00055.png
146_fibrosis_280.png,orig00056.png
069_fibrosis_043.png,orig00057.png
069_fibrosis_030.png,orig00058.png
081_fibrosis_375.png,orig00059.png
080_fibrosis_251.png,orig00060.png
140_fibrosis_290.png,orig00061.png
199_fibrosis_218.png,orig00062.png
149_fibrosis_288.png,orig00063.png
034_fibrosis_028.png,orig00064.png
143_fibrosis_237.png,orig00065.png
194_fibrosis_360.png,orig00066.png
080_fibrosis_186.png,orig00067.png
064_fibrosis_349.png,orig00068.png
082_fibrosis_030.png,orig00069.png
148_fibrosis_333.png,orig00070.png
080_fibrosis_189.png,orig00071.png
080_fibrosis_256.png,orig00072.png
132_fibrosis_303.png,orig00073.png
033_fibrosis_047.png,orig00074.png
199_fibrosis_152.png,orig00075.png
033_fibrosis_072.png,orig00076.png
199_fibrosis_188.png,orig00077.png
132_fibrosis_330.png,orig00078.png
067_fibrosis_257.png,orig00079.png
198_fibrosis_268.png,orig00080.png
080_fibrosis_255.png,orig00081.png
148_fibrosis_353.png,orig00082.png
065_fibrosis_347.png,orig00083.png
194_fibrosis_313.png,orig00084.png
194_fibrosis_342.png,orig00085.png
065_fibrosis_185.png,orig00086.png
143_fibrosis_219.png,orig00087.png
067_fibrosis_288.png,orig00088.png
064_fibrosis_289.png,orig00089.png
193_fibrosis_221.png,orig00090.png
128_fibrosis_303.png,orig00091.png
146_fibrosis_274.png,orig00092.png
080_fibrosis_035.png,orig00093.png
149_fibrosis_286.png,orig00094.png
194_fibrosis_312.png,orig00095.png
079_fibrosis_049.png,orig00096.png
146_fibrosis_275.png,orig00097.png
079_fibrosis_279.png,orig00098.png
147_fibrosis_295.png,orig00099.png
066_fibrosis_353.png,orig00100.png
148_fibrosis_296.png,orig00101.png
143_fibrosis_223.png,orig00102.png
143_fibrosis_240.png,orig00103.png
080_fibrosis_023.png,orig00104.png
198_fibrosis_247.png,orig00105.png
080_fibrosis_127.png,orig00106.png
065_fibrosis_370.png,orig00107.png
033_fibrosis_273.png,orig00108.png
148_fibrosis_297.png,orig00109.png
065_fibrosis_298.png,orig00110.png
067_fibrosis_290.png,orig00111.png
199_fibrosis_182.png,orig00112.png
140_fibrosis_332.png,orig00113.png
148_fibrosis_272.png,orig00114.png
194_fibrosis_301.png,orig00115.png
079_fibrosis_269.png,orig00116.png
074_fibrosis_341.png,orig00117.png
034_fibrosis_371.png,orig00118.png
199_fibrosis_160.png,orig00119.png
079_fibrosis_058.png,orig00120.png
080_fibrosis_488.png,orig00121.png
199_fibrosis_228.png,orig00122.png
198_fibrosis_286.png,orig00123.png
065_fibrosis_313.png,orig00124.png
134_fibrosis_284.png,orig00125.png
080_fibrosis_285.png,orig00126.png
078_fibrosis_323.png,orig00127.png
067_fibrosis_304.png,orig00128.png
080_fibrosis_454.png,orig00129.png
081_fibrosis_034.png,orig00130.png
199_fibrosis_223.png,orig00131.png
078_fibrosis_330.png,orig00132.png
073_fibrosis_351.png,orig00133.png
080_fibrosis_243.png,orig00134.png
148_fibrosis_326.png,orig00135.png
149_fibrosis_322.png,orig00136.png
033_fibrosis_028.png,orig00137.png
077_fibrosis_123.png,orig00138.png
148_fibrosis_331.png,orig00139.png
075_fibrosis_325.png,orig00140.png
081_fibrosis_388.png,orig00141.png
065_fibrosis_322.png,orig00142.png
128_fibrosis_284.png,orig00143.png
127_fibrosis_385.png,orig00144.png
084_fibrosis_329.png,orig00145.png
034_fibrosis_226.png,orig00146.png
199_fibrosis_235.png,orig00147.png
140_fibrosis_257.png,orig00148.png
080_fibrosis_092.png,orig00149.png
082_fibrosis_051.png,orig00150.png
081_fibrosis_038.png,orig00151.png
080_fibrosis_456.png,orig00152.png
199_fibrosis_088.png,orig00153.png
147_fibrosis_036.png,orig00154.png
081_fibrosis_064.png,orig00155.png
079_fibrosis_272.png,orig00156.png
194_fibrosis_216.png,orig00157.png
128_fibrosis_309.png,orig00158.png
074_fibrosis_334.png,orig00159.png
079_fibrosis_053.png,orig00160.png
066_fibrosis_372.png,orig00161.png
033_fibrosis_065.png,orig00162.png
148_fibrosis_364.png,orig00163.png
197_fibrosis_270.png,orig00164.png
194_fibrosis_344.png,orig00165.png
203_fibrosis_172.png,orig00166.png
149_fibrosis_293.png,orig00167.png
080_fibrosis_246.png,orig00168.png
080_fibrosis_057.png,orig00169.png
034_fibrosis_303.png,orig00170.png
081_fibrosis_220.png,orig00171.png
079_fibrosis_283.png,orig00172.png
134_fibrosis_278.png,orig00173.png
064_fibrosis_345.png,orig00174.png
034_fibrosis_276.png,orig00175.png
143_fibrosis_220.png,orig00176.png
194_fibrosis_292.png,orig00177.png
079_fibrosis_026.png,orig00178.png
067_fibrosis_264.png,orig00179.png
196_fibrosis_322.png,orig00180.png
193_fibrosis_192.png,orig00181.png
080_fibrosis_114.png,orig00182.png
065_fibrosis_216.png,orig00183.png
079_fibrosis_022.png,orig00184.png
192_fibrosis_279.png,orig00185.png
143_fibrosis_248.png,orig00186.png
199_fibrosis_216.png,orig00187.png
148_fibrosis_292.png,orig00188.png
064_fibrosis_282.png,orig00189.png
148_fibrosis_348.png,orig00190.png
128_fibrosis_294.png,orig00191.png
148_fibrosis_241.png,orig00192.png
132_fibrosis_321.png,orig00193.png
140_fibrosis_335.png,orig00194.png
079_fibrosis_065.png,orig00195.png
077_fibrosis_091.png,orig00196.png
196_fibrosis_319.png,orig00197.png
199_fibrosis_239.png,orig00198.png
198_fibrosis_267.png,orig00199.png
194_fibrosis_332.png,orig00200.png
196_fibrosis_324.png,orig00201.png
148_fibrosis_238.png,orig00202.png
069_fibrosis_039.png,orig00203.png
135_fibrosis_285.png,orig00204.png
193_fibrosis_204.png,orig00205.png
203_fibrosis_197.png,orig00206.png
080_fibrosis_109.png,orig00207.png
084_fibrosis_360.png,orig00208.png
064_fibrosis_333.png,orig00209.png
131_fibrosis_345.png,orig00210.png
146_fibrosis_277.png,orig00211.png
080_fibrosis_136.png,orig00212.png
065_fibrosis_152.png,orig00213.png
131_fibrosis_339.png,orig00214.png
143_fibrosis_228.png,orig00215.png
065_fibrosis_372.png,orig00216.png
194_fibrosis_333.png,orig00217.png
199_fibrosis_168.png,orig00218.png
065_fibrosis_290.png,orig00219.png
081_fibrosis_212.png,orig00220.png
081_fibrosis_182.png,orig00221.png
197_fibrosis_279.png,orig00222.png
143_fibrosis_284.png,orig00223.png
075_fibrosis_318.png,orig00224.png
193_fibrosis_199.png,orig00225.png
080_fibrosis_102.png,orig00226.png
134_fibrosis_291.png,orig00227.png
192_fibrosis_278.png,orig00228.png
193_fibrosis_198.png,orig00229.png
136_fibrosis_299.png,orig00230.png
065_fibrosis_165.png,orig00231.png
199_fibrosis_179.png,orig00232.png
072_fibrosis_295.png,orig00233.png
199_fibrosis_191.png,orig00234.png
080_fibrosis_072.png,orig00235.png
073_fibrosis_029.png,orig00236.png
033_fibrosis_123.png,orig00237.png
148_fibrosis_245.png,orig00238.png
134_fibrosis_281.png,orig00239.png
196_fibrosis_337.png,orig00240.png
136_fibrosis_261.png,orig00241.png
064_fibrosis_279.png,orig00242.png
034_fibrosis_365.png,orig00243.png
079_fibrosis_263.png,orig00244.png
080_fibrosis_262.png,orig00245.png
065_fibrosis_156.png,orig00246.png
135_fibrosis_302.png,orig00247.png
080_fibrosis_450.png,orig00248.png
149_fibrosis_315.png,orig00249.png
065_fibrosis_198.png,orig00250.png
064_fibrosis_297.png,orig00251.png
148_fibrosis_237.png,orig00252.png
136_fibrosis_262.png,orig00253.png
080_fibrosis_041.png,orig00254.png
194_fibrosis_064.png,orig00255.png
064_fibrosis_269.png,orig00256.png
080_fibrosis_197.png,orig00257.png
065_fibrosis_307.png,orig00258.png
140_fibrosis_287.png,orig00259.png
194_fibrosis_218.png,orig00260.png
078_fibrosis_324.png,orig00261.png
132_fibrosis_310.png,orig00262.png
197_fibrosis_257.png,orig00263.png
067_fibrosis_278.png,orig00264.png
064_fibrosis_340.png,orig00265.png
080_fibrosis_443.png,orig00266.png
149_fibrosis_310.png,orig00267.png
084_fibrosis_361.png,orig00268.png
074_fibrosis_344.png,orig00269.png
073_fibrosis_020.png,orig00270.png
136_fibrosis_284.png,orig00271.png
033_fibrosis_130.png,orig00272.png
071_fibrosis_289.png,orig00273.png
084_fibrosis_331.png,orig00274.png
143_fibrosis_233.png,orig00275.png
069_fibrosis_037.png,orig00276.png
084_fibrosis_342.png,orig00277.png
067_fibrosis_302.png,orig00278.png
140_fibrosis_327.png,orig00279.png
127_fibrosis_382.png,orig00280.png
148_fibrosis_370.png,orig00281.png
140_fibrosis_277.png,orig00282.png
136_fibrosis_272.png,orig00283.png
079_fibrosis_281.png,orig00284.png
080_fibrosis_269.png,orig00285.png
079_fibrosis_039.png,orig00286.png
143_fibrosis_245.png,orig00287.png
147_fibrosis_024.png,orig00288.png
034_fibrosis_217.png,orig00289.png
084_fibrosis_346.png,orig00290.png
065_fibrosis_221.png,orig00291.png
073_fibrosis_357.png,orig00292.png
143_fibrosis_255.png,orig00293.png
081_fibrosis_227.png,orig00294.png
082_fibrosis_056.png,orig00295.png
079_fibrosis_032.png,orig00296.png
069_fibrosis_029.png,orig00297.png
080_fibrosis_164.png,orig00298.png
194_fibrosis_366.png,orig00299.png
198_fibrosis_251.png,orig00300.png
081_fibrosis_223.png,orig00301.png
066_fibrosis_358.png,orig00302.png
080_fibrosis_153.png,orig00303.png
078_fibrosis_325.png,orig00304.png
081_fibrosis_226.png,orig00305.png
197_fibrosis_268.png,orig00306.png
081_fibrosis_029.png,orig00307.png
079_fibrosis_054.png,orig00308.png
064_fibrosis_369.png,orig00309.png
074_fibrosis_340.png,orig00310.png
198_fibrosis_250.png,orig00311.png
149_fibrosis_295.png,orig00312.png
084_fibrosis_374.png,orig00313.png
140_fibrosis_272.png,orig00314.png
081_fibrosis_222.png,orig00315.png
077_fibrosis_119.png,orig00316.png
034_fibrosis_348.png,orig00317.png
079_fibrosis_067.png,orig00318.png
149_fibrosis_284.png,orig00319.png
081_fibrosis_187.png,orig00320.png
080_fibrosis_138.png,orig00321.png
084_fibrosis_325.png,orig00322.png
064_fibrosis_354.png,orig00323.png
072_fibrosis_285.png,orig00324.png
074_fibrosis_143.png,orig00325.png
080_fibrosis_268.png,orig00326.png
148_fibrosis_282.png,orig00327.png
194_fibrosis_358.png,orig00328.png
065_fibrosis_342.png,orig00329.png
192_fibrosis_272.png,orig00330.png
081_fibrosis_230.png,orig00331.png
034_fibrosis_356.png,orig00332.png
196_fibrosis_336.png,orig00333.png
136_fibrosis_282.png,orig00334.png
082_fibrosis_055.png,orig00335.png
148_fibrosis_288.png,orig00336.png
077_fibrosis_237.png,orig00337.png
065_fibrosis_367.png,orig00338.png
148_fibrosis_289.png,orig00339.png
072_fibrosis_286.png,orig00340.png
073_fibrosis_355.png,orig00341.png
067_fibrosis_263.png,orig00342.png
081_fibrosis_057.png,orig00343.png
065_fibrosis_214.png,orig00344.png
198_fibrosis_271.png,orig00345.png
193_fibrosis_202.png,orig00346.png
148_fibrosis_359.png,orig00347.png
193_fibrosis_195.png,orig00348.png
080_fibrosis_439.png,orig00349.png
147_fibrosis_023.png,orig00350.png
128_fibrosis_305.png,orig00351.png
080_fibrosis_248.png,orig00352.png
034_fibrosis_040.png,orig00353.png
080_fibrosis_099.png,orig00354.png
198_fibrosis_255.png,orig00355.png
148_fibrosis_253.png,orig00356.png
127_fibrosis_383.png,orig00357.png
148_fibrosis_325.png,orig00358.png
203_fibrosis_166.png,orig00359.png
080_fibrosis_166.png,orig00360.png
034_fibrosis_285.png,orig00361.png
033_fibrosis_102.png,orig00362.png
064_fibrosis_362.png,orig00363.png
034_fibrosis_023.png,orig00364.png
084_fibrosis_333.png,orig00365.png
199_fibrosis_217.png,orig00366.png
134_fibrosis_298.png,orig00367.png
065_fibrosis_200.png,orig00368.png
080_fibrosis_088.png,orig00369.png
132_fibrosis_331.png,orig00370.png
064_fibrosis_267.png,orig00371.png
199_fibrosis_219.png,orig00372.png
203_fibrosis_170.png,orig00373.png
084_fibrosis_305.png,orig00374.png
080_fibrosis_053.png,orig00375.png
082_fibrosis_034.png,orig00376.png
065_fibrosis_219.png,orig00377.png
080_fibrosis_187.png,orig00378.png
065_fibrosis_207.png,orig00379.png
135_fibrosis_282.png,orig00380.png
033_fibrosis_096.png,orig00381.png
198_fibrosis_282.png,orig00382.png
203_fibrosis_189.png,orig00383.png
064_fibrosis_342.png,orig00384.png
143_fibrosis_273.png,orig00385.png
081_fibrosis_416.png,orig00386.png
034_fibrosis_107.png,orig00387.png
203_fibrosis_164.png,orig00388.png
065_fibrosis_170.png,orig00389.png
033_fibrosis_023.png,orig00390.png
033_fibrosis_058.png,orig00391.png
197_fibrosis_281.png,orig00392.png
081_fibrosis_431.png,orig00393.png
080_fibrosis_033.png,orig00394.png
199_fibrosis_174.png,orig00395.png
033_fibrosis_342.png,orig00396.png
080_fibrosis_277.png,orig00397.png
140_fibrosis_266.png,orig00398.png
078_fibrosis_334.png,orig00399.png
081_fibrosis_423.png,orig00400.png
082_fibrosis_020.png,orig00401.png
080_fibrosis_024.png,orig00402.png
065_fibrosis_312.png,orig00403.png
034_fibrosis_321.png,orig00404.png
079_fibrosis_310.png,orig00405.png
073_fibrosis_369.png,orig00406.png
081_fibrosis_047.png,orig00407.png
199_fibrosis_194.png,orig00408.png
079_fibrosis_280.png,orig00409.png
148_fibrosis_244.png,orig00410.png
033_fibrosis_080.png,orig00411.png
080_fibrosis_081.png,orig00412.png
196_fibrosis_321.png,orig00413.png
080_fibrosis_442.png,orig00414.png
136_fibrosis_263.png,orig00415.png
065_fibrosis_247.png,orig00416.png
065_fibrosis_239.png,orig00417.png
033_fibrosis_070.png,orig00418.png
080_fibrosis_169.png,orig00419.png
132_fibrosis_290.png,orig00420.png
193_fibrosis_211.png,orig00421.png
081_fibrosis_044.png,orig00422.png
034_fibrosis_253.png,orig00423.png
065_fibrosis_181.png,orig00424.png
194_fibrosis_295.png,orig00425.png
034_fibrosis_273.png,orig00426.png
132_fibrosis_338.png,orig00427.png
081_fibrosis_055.png,orig00428.png
194_fibrosis_337.png,orig00429.png
067_fibrosis_299.png,orig00430.png
080_fibrosis_097.png,orig00431.png
199_fibrosis_229.png,orig00432.png
081_fibrosis_077.png,orig00433.png
080_fibrosis_263.png,orig00434.png
080_fibrosis_050.png,orig00435.png
080_fibrosis_062.png,orig00436.png
080_fibrosis_076.png,orig00437.png
064_fibrosis_320.png,orig00438.png
194_fibrosis_298.png,orig00439.png
148_fibrosis_279.png,orig00440.png
203_fibrosis_178.png,orig00441.png
080_fibrosis_437.png,orig00442.png
064_fibrosis_361.png,orig00443.png
065_fibrosis_338.png,orig00444.png
136_fibrosis_286.png,orig00445.png
033_fibrosis_087.png,orig00446.png
080_fibrosis_117.png,orig00447.png
131_fibrosis_333.png,orig00448.png
078_fibrosis_300.png,orig00449.png
140_fibrosis_262.png,orig00450.png
078_fibrosis_289.png,orig00451.png
084_fibrosis_339.png,orig00452.png
197_fibrosis_272.png,orig00453.png
065_fibrosis_267.png,orig00454.png
065_fibrosis_243.png,orig00455.png
033_fibrosis_135.png,orig00456.png
192_fibrosis_282.png,orig00457.png
128_fibrosis_281.png,orig00458.png
149_fibrosis_324.png,orig00459.png
034_fibrosis_064.png,orig00460.png
146_fibrosis_282.png,orig00461.png
034_fibrosis_055.png,orig00462.png
082_fibrosis_053.png,orig00463.png
081_fibrosis_236.png,orig00464.png
128_fibrosis_298.png,orig00465.png
069_fibrosis_055.png,orig00466.png
065_fibrosis_208.png,orig00467.png
199_fibrosis_153.png,orig00468.png
082_fibrosis_060.png,orig00469.png
148_fibrosis_309.png,orig00470.png
132_fibrosis_323.png,orig00471.png
078_fibrosis_284.png,orig00472.png
080_fibrosis_446.png,orig00473.png
199_fibrosis_171.png,orig00474.png
084_fibrosis_301.png,orig00475.png
066_fibrosis_363.png,orig00476.png
034_fibrosis_144.png,orig00477.png
148_fibrosis_368.png,orig00478.png
080_fibrosis_021.png,orig00479.png
075_fibrosis_333.png,orig00480.png
065_fibrosis_225.png,orig00481.png
081_fibrosis_389.png,orig00482.png
073_fibrosis_348.png,orig00483.png
065_fibrosis_263.png,orig00484.png
069_fibrosis_021.png,orig00485.png
072_fibrosis_156.png,orig00486.png
198_fibrosis_264.png,orig00487.png
069_fibrosis_042.png,orig00488.png
148_fibrosis_280.png,orig00489.png
198_fibrosis_246.png,orig00490.png
078_fibrosis_285.png,orig00491.png
072_fibrosis_288.png,orig00492.png
065_fibrosis_199.png,orig00493.png
081_fibrosis_048.png,orig00494.png
148_fibrosis_293.png,orig00495.png
034_fibrosis_282.png,orig00496.png
199_fibrosis_173.png,orig00497.png
073_fibrosis_352.png,orig00498.png
075_fibrosis_268.png,orig00499.png
203_fibrosis_181.png,orig00500.png
129_fibrosis_299.png,orig00501.png
132_fibrosis_288.png,orig00502.png
084_fibrosis_363.png,orig00503.png
079_fibrosis_315.png,orig00504.png
148_fibrosis_338.png,orig00505.png
034_fibrosis_197.png,orig00506.png
080_fibrosis_448.png,orig00507.png
192_fibrosis_274.png,orig00508.png
084_fibrosis_337.png,orig00509.png
134_fibrosis_286.png,orig00510.png
078_fibrosis_260.png,orig00511.png
081_fibrosis_071.png,orig00512.png
065_fibrosis_346.png,orig00513.png
081_fibrosis_379.png,orig00514.png
199_fibrosis_205.png,orig00515.png
194_fibrosis_305.png,orig00516.png
194_fibrosis_350.png,orig00517.png
134_fibrosis_285.png,orig00518.png
064_fibrosis_347.png,orig00519.png
146_fibrosis_273.png,orig00520.png
194_fibrosis_315.png,orig00521.png
065_fibrosis_218.png,orig00522.png
132_fibrosis_333.png,orig00523.png
065_fibrosis_339.png,orig00524.png
081_fibrosis_439.png,orig00525.png
073_fibrosis_370.png,orig00526.png
034_fibrosis_125.png,orig00527.png
149_fibrosis_280.png,orig00528.png
033_fibrosis_159.png,orig00529.png
135_fibrosis_284.png,orig00530.png
065_fibrosis_176.png,orig00531.png
066_fibrosis_373.png,orig00532.png
073_fibrosis_036.png,orig00533.png
143_fibrosis_264.png,orig00534.png
075_fibrosis_327.png,orig00535.png
080_fibrosis_430.png,orig00536.png
198_fibrosis_261.png,orig00537.png
065_fibrosis_352.png,orig00538.png
148_fibrosis_228.png,orig00539.png
081_fibrosis_419.png,orig00540.png
148_fibrosis_317.png,orig00541.png
135_fibrosis_283.png,orig00542.png
081_fibrosis_428.png,orig00543.png
080_fibrosis_267.png,orig00544.png
033_fibrosis_208.png,orig00545.png
128_fibrosis_023.png,orig00546.png
033_fibrosis_285.png,orig00547.png
081_fibrosis_043.png,orig00548.png
084_fibrosis_311.png,orig00549.png
073_fibrosis_026.png,orig00550.png
194_fibrosis_351.png,orig00551.png
199_fibrosis_180.png,orig00552.png
132_fibrosis_325.png,orig00553.png
064_fibrosis_268.png,orig00554.png
033_fibrosis_155.png,orig00555.png
192_fibrosis_269.png,orig00556.png
065_fibrosis_220.png,orig00557.png
033_fibrosis_345.png,orig00558.png
066_fibrosis_371.png,orig00559.png
199_fibrosis_214.png,orig00560.png
143_fibrosis_286.png,orig00561.png
084_fibrosis_328.png,orig00562.png
198_fibrosis_269.png,orig00563.png
148_fibrosis_291.png,orig00564.png
067_fibrosis_287.png,orig00565.png
131_fibrosis_341.png,orig00566.png
194_fibrosis_302.png,orig00567.png
034_fibrosis_372.png,orig00568.png
084_fibrosis_359.png,orig00569.png
194_fibrosis_299.png,orig00570.png
084_fibrosis_349.png,orig00571.png
067_fibrosis_291.png,orig00572.png
080_fibrosis_128.png,orig00573.png
128_fibrosis_289.png,orig00574.png
069_fibrosis_020.png,orig00575.png
199_fibrosis_157.png,orig00576.png
077_fibrosis_129.png,orig00577.png
065_fibrosis_228.png,orig00578.png
140_fibrosis_296.png,orig00579.png
081_fibrosis_404.png,orig00580.png
080_fibrosis_261.png,orig00581.png
128_fibrosis_311.png,orig00582.png
140_fibrosis_259.png,orig00583.png
194_fibrosis_322.png,orig00584.png
078_fibrosis_298.png,orig00585.png
136_fibrosis_283.png,orig00586.png
065_fibrosis_265.png,orig00587.png
069_fibrosis_045.png,orig00588.png
140_fibrosis_260.png,orig00589.png
080_fibrosis_473.png,orig00590.png
080_fibrosis_485.png,orig00591.png
192_fibrosis_273.png,orig00592.png
080_fibrosis_112.png,orig00593.png
064_fibrosis_287.png,orig00594.png
198_fibrosis_233.png,orig00595.png
080_fibrosis_463.png,orig00596.png
080_fibrosis_115.png,orig00597.png
080_fibrosis_058.png,orig00598.png
075_fibrosis_319.png,orig00599.png
148_fibrosis_315.png,orig00600.png
080_fibrosis_190.png,orig00601.png
128_fibrosis_299.png,orig00602.png
064_fibrosis_341.png,orig00603.png
148_fibrosis_342.png,orig00604.png
194_fibrosis_321.png,orig00605.png
080_fibrosis_107.png,orig00606.png
147_fibrosis_038.png,orig00607.png
199_fibrosis_199.png,orig00608.png
080_fibrosis_083.png,orig00609.png
198_fibrosis_265.png,orig00610.png
140_fibrosis_311.png,orig00611.png
148_fibrosis_304.png,orig00612.png
143_fibrosis_217.png,orig00613.png
194_fibrosis_324.png,orig00614.png
127_fibrosis_397.png,orig00615.png
065_fibrosis_162.png,orig00616.png
078_fibrosis_353.png,orig00617.png
079_fibrosis_286.png,orig00618.png
065_fibrosis_357.png,orig00619.png
080_fibrosis_149.png,orig00620.png
064_fibrosis_294.png,orig00621.png
148_fibrosis_366.png,orig00622.png
034_fibrosis_192.png,orig00623.png
194_fibrosis_330.png,orig00624.png
149_fibrosis_302.png,orig00625.png
064_fibrosis_325.png,orig00626.png
198_fibrosis_266.png,orig00627.png
077_fibrosis_090.png,orig00628.png
135_fibrosis_293.png,orig00629.png
148_fibrosis_311.png,orig00630.png
203_fibrosis_196.png,orig00631.png
194_fibrosis_370.png,orig00632.png
199_fibrosis_177.png,orig00633.png
080_fibrosis_100.png,orig00634.png
148_fibrosis_324.png,orig00635.png
064_fibrosis_353.png,orig00636.png
065_fibrosis_351.png,orig00637.png
080_fibrosis_247.png,orig00638.png
147_fibrosis_046.png,orig00639.png
140_fibrosis_310.png,orig00640.png
034_fibrosis_185.png,orig00641.png
198_fibrosis_277.png,orig00642.png
128_fibrosis_301.png,orig00643.png
128_fibrosis_022.png,orig00644.png
064_fibrosis_290.png,orig00645.png
199_fibrosis_196.png,orig00646.png
081_fibrosis_221.png,orig00647.png
084_fibrosis_341.png,orig00648.png
074_fibrosis_331.png,orig00649.png
143_fibrosis_234.png,orig00650.png
065_fibrosis_175.png,orig00651.png
199_fibrosis_154.png,orig00652.png
192_fibrosis_281.png,orig00653.png
081_fibrosis_374.png,orig00654.png
034_fibrosis_350.png,orig00655.png
081_fibrosis_065.png,orig00656.png
129_fibrosis_294.png,orig00657.png
194_fibrosis_357.png,orig00658.png
069_fibrosis_044.png,orig00659.png
194_fibrosis_207.png,orig00660.png
136_fibrosis_292.png,orig00661.png
065_fibrosis_204.png,orig00662.png
078_fibrosis_272.png,orig00663.png
079_fibrosis_288.png,orig00664.png
080_fibrosis_461.png,orig00665.png
081_fibrosis_035.png,orig00666.png
148_fibrosis_319.png,orig00667.png
139_fibrosis_385.png,orig00668.png
081_fibrosis_425.png,orig00669.png
034_fibrosis_026.png,orig00670.png
080_fibrosis_150.png,orig00671.png
065_fibrosis_184.png,orig00672.png
136_fibrosis_281.png,orig00673.png
136_fibrosis_264.png,orig00674.png
033_fibrosis_093.png,orig00675.png
081_fibrosis_045.png,orig00676.png
080_fibrosis_034.png,orig00677.png
065_fibrosis_349.png,orig00678.png
073_fibrosis_361.png,orig00679.png
136_fibrosis_275.png,orig00680.png
064_fibrosis_255.png,orig00681.png
203_fibrosis_179.png,orig00682.png
194_fibrosis_066.png,orig00683.png
072_fibrosis_284.png,orig00684.png
033_fibrosis_217.png,orig00685.png
199_fibrosis_230.png,orig00686.png
080_fibrosis_074.png,orig00687.png
080_fibrosis_137.png,orig00688.png
065_fibrosis_154.png,orig00689.png
034_fibrosis_368.png,orig00690.png
033_fibrosis_330.png,orig00691.png
033_fibrosis_033.png,orig00692.png
081_fibrosis_381.png,orig00693.png
148_fibrosis_316.png,orig00694.png
140_fibrosis_275.png,orig00695.png
148_fibrosis_286.png,orig00696.png
080_fibrosis_022.png,orig00697.png
080_fibrosis_271.png,orig00698.png
080_fibrosis_051.png,orig00699.png
081_fibrosis_217.png,orig00700.png
033_fibrosis_056.png,orig00701.png
078_fibrosis_274.png,orig00702.png
034_fibrosis_100.png,orig00703.png
078_fibrosis_296.png,orig00704.png
077_fibrosis_121.png,orig00705.png
131_fibrosis_334.png,orig00706.png
082_fibrosis_064.png,orig00707.png
194_fibrosis_338.png,orig00708.png
132_fibrosis_335.png,orig00709.png
147_fibrosis_048.png,orig00710.png
080_fibrosis_486.png,orig00711.png
148_fibrosis_249.png,orig00712.png
082_fibrosis_052.png,orig00713.png
196_fibrosis_335.png,orig00714.png
066_fibrosis_362.png,orig00715.png
074_fibrosis_339.png,orig00716.png
079_fibrosis_285.png,orig00717.png
139_fibrosis_382.png,orig00718.png
065_fibrosis_336.png,orig00719.png
140_fibrosis_261.png,orig00720.png
065_fibrosis_291.png,orig00721.png
194_fibrosis_336.png,orig00722.png
147_fibrosis_042.png,orig00723.png
193_fibrosis_206.png,orig00724.png
081_fibrosis_042.png,orig00725.png
080_fibrosis_040.png,orig00726.png
079_fibrosis_057.png,orig00727.png
128_fibrosis_020.png,orig00728.png
082_fibrosis_042.png,orig00729.png
194_fibrosis_307.png,orig00730.png
065_fibrosis_201.png,orig00731.png
136_fibrosis_287.png,orig00732.png
065_fibrosis_186.png,orig00733.png
075_fibrosis_335.png,orig00734.png
082_fibrosis_043.png,orig00735.png
128_fibrosis_292.png,orig00736.png
081_fibrosis_208.png,orig00737.png
064_fibrosis_283.png,orig00738.png
033_fibrosis_052.png,orig00739.png
199_fibrosis_136.png,orig00740.png
081_fibrosis_228.png,orig00741.png
128_fibrosis_313.png,orig00742.png
080_fibrosis_122.png,orig00743.png
080_fibrosis_069.png,orig00744.png
148_fibrosis_251.png,orig00745.png
149_fibrosis_296.png,orig00746.png
148_fibrosis_221.png,orig00747.png
074_fibrosis_332.png,orig00748.png
198_fibrosis_259.png,orig00749.png
081_fibrosis_067.png,orig00750.png
081_fibrosis_385.png,orig00751.png
034_fibrosis_344.png,orig00752.png
078_fibrosis_275.png,orig00753.png
065_fibrosis_206.png,orig00754.png
199_fibrosis_198.png,orig00755.png
078_fibrosis_326.png,orig00756.png
066_fibrosis_351.png,orig00757.png
078_fibrosis_265.png,orig00758.png
071_fibrosis_275.png,orig00759.png
067_fibrosis_261.png,orig00760.png
143_fibrosis_287.png,orig00761.png
203_fibrosis_192.png,orig00762.png
072_fibrosis_128.png,orig00763.png
065_fibrosis_320.png,orig00764.png
194_fibrosis_250.png,orig00765.png
140_fibrosis_276.png,orig00766.png
084_fibrosis_322.png,orig00767.png
079_fibrosis_025.png,orig00768.png
065_fibrosis_294.png,orig00769.png
064_fibrosis_264.png,orig00770.png
143_fibrosis_266.png,orig00771.png
065_fibrosis_261.png,orig00772.png
034_fibrosis_022.png,orig00773.png
084_fibrosis_343.png,orig00774.png
080_fibrosis_252.png,orig00775.png
071_fibrosis_291.png,orig00776.png
136_fibrosis_278.png,orig00777.png
064_fibrosis_285.png,orig00778.png
078_fibrosis_268.png,orig00779.png
034_fibrosis_323.png,orig00780.png
069_fibrosis_028.png,orig00781.png
033_fibrosis_089.png,orig00782.png
199_fibrosis_187.png,orig00783.png
082_fibrosis_023.png,orig00784.png
073_fibrosis_350.png,orig00785.png
082_fibrosis_054.png,orig00786.png
033_fibrosis_198.png,orig00787.png
073_fibrosis_337.png,orig00788.png
080_fibrosis_477.png,orig00789.png
065_fibrosis_301.png,orig00790.png
084_fibrosis_313.png,orig00791.png
082_fibrosis_021.png,orig00792.png
033_fibrosis_084.png,orig00793.png
194_fibrosis_296.png,orig00794.png
140_fibrosis_316.png,orig00795.png
034_fibrosis_351.png,orig00796.png
034_fibrosis_174.png,orig00797.png
140_fibrosis_308.png,orig00798.png
034_fibrosis_112.png,orig00799.png
148_fibrosis_281.png,orig00800.png
080_fibrosis_167.png,orig00801.png
067_fibrosis_270.png,orig00802.png
081_fibrosis_028.png,orig00803.png
075_fibrosis_330.png,orig00804.png
081_fibrosis_410.png,orig00805.png
199_fibrosis_170.png,orig00806.png
132_fibrosis_326.png,orig00807.png
078_fibrosis_292.png,orig00808.png
143_fibrosis_249.png,orig00809.png
084_fibrosis_321.png,orig00810.png
033_fibrosis_049.png,orig00811.png
143_fibrosis_253.png,orig00812.png
069_fibrosis_026.png,orig00813.png
034_fibrosis_287.png,orig00814.png
149_fibrosis_298.png,orig00815.png
034_fibrosis_369.png,orig00816.png
194_fibrosis_326.png,orig00817.png
073_fibrosis_365.png,orig00818.png
196_fibrosis_323.png,orig00819.png
080_fibrosis_174.png,orig00820.png
146_fibrosis_271.png,orig00821.png
196_fibrosis_338.png,orig00822.png
139_fibrosis_372.png,orig00823.png
078_fibrosis_288.png,orig00824.png
071_fibrosis_290.png,orig00825.png
080_fibrosis_487.png,orig00826.png
136_fibrosis_291.png,orig00827.png
080_fibrosis_091.png,orig00828.png
084_fibrosis_365.png,orig00829.png
140_fibrosis_278.png,orig00830.png
065_fibrosis_358.png,orig00831.png
080_fibrosis_273.png,orig00832.png
128_fibrosis_315.png,orig00833.png
080_fibrosis_453.png,orig00834.png
197_fibrosis_280.png,orig00835.png
082_fibrosis_026.png,orig00836.png
065_fibrosis_324.png,orig00837.png
069_fibrosis_023.png,orig00838.png
034_fibrosis_305.png,orig00839.png
203_fibrosis_195.png,orig00840.png
080_fibrosis_157.png,orig00841.png
065_fibrosis_302.png,orig00842.png
084_fibrosis_336.png,orig00843.png
199_fibrosis_186.png,orig00844.png
033_fibrosis_068.png,orig00845.png
198_fibrosis_242.png,orig00846.png
143_fibrosis_270.png,orig00847.png
033_fibrosis_162.png,orig00848.png
199_fibrosis_212.png,orig00849.png
082_fibrosis_041.png,orig00850.png
194_fibrosis_200.png,orig00851.png
077_fibrosis_082.png,orig00852.png
080_fibrosis_093.png,orig00853.png
203_fibrosis_173.png,orig00854.png
146_fibrosis_272.png,orig00855.png
033_fibrosis_091.png,orig00856.png
196_fibrosis_329.png,orig00857.png
149_fibrosis_311.png,orig00858.png
065_fibrosis_289.png,orig00859.png
131_fibrosis_338.png,orig00860.png
064_fibrosis_326.png,orig00861.png
143_fibrosis_254.png,orig00862.png
136_fibrosis_258.png,orig00863.png
074_fibrosis_329.png,orig00864.png
081_fibrosis_396.png,orig00865.png
080_fibrosis_131.png,orig00866.png
080_fibrosis_191.png,orig00867.png
199_fibrosis_197.png,orig00868.png
084_fibrosis_316.png,orig00869.png
198_fibrosis_239.png,orig00870.png
148_fibrosis_340.png,orig00871.png
148_fibrosis_371.png,orig00872.png
129_fibrosis_300.png,orig00873.png
134_fibrosis_290.png,orig00874.png
033_fibrosis_234.png,orig00875.png
034_fibrosis_347.png,orig00876.png
067_fibrosis_306.png,orig00877.png
203_fibrosis_163.png,orig00878.png
069_fibrosis_057.png,orig00879.png
140_fibrosis_273.png,orig00880.png
203_fibrosis_180.png,orig00881.png
078_fibrosis_276.png,orig00882.png
192_fibrosis_277.png,orig00883.png
148_fibrosis_323.png,orig00884.png
149_fibrosis_254.png,orig00885.png
198_fibrosis_249.png,orig00886.png
080_fibrosis_086.png,orig00887.png
081_fibrosis_181.png,orig00888.png
131_fibrosis_344.png,orig00889.png
132_fibrosis_299.png,orig00890.png
034_fibrosis_215.png,orig00891.png
149_fibrosis_258.png,orig00892.png
081_fibrosis_392.png,orig00893.png
129_fibrosis_309.png,orig00894.png
080_fibrosis_043.png,orig00895.png
033_fibrosis_210.png,orig00896.png
081_fibrosis_401.png,orig00897.png
080_fibrosis_196.png,orig00898.png
065_fibrosis_343.png,orig00899.png
069_fibrosis_066.png,orig00900.png
194_fibrosis_356.png,orig00901.png
132_fibrosis_302.png,orig00902.png
079_fibrosis_047.png,orig00903.png
194_fibrosis_319.png,orig00904.png
033_fibrosis_100.png,orig00905.png
079_fibrosis_043.png,orig00906.png
066_fibrosis_357.png,orig00907.png
193_fibrosis_197.png,orig00908.png
147_fibrosis_034.png,orig00909.png
065_fibrosis_211.png,orig00910.png
203_fibrosis_171.png,orig00911.png
033_fibrosis_128.png,orig00912.png
065_fibrosis_281.png,orig00913.png
140_fibrosis_286.png,orig00914.png
079_fibrosis_270.png,orig00915.png
136_fibrosis_274.png,orig00916.png
199_fibrosis_222.png,orig00917.png
065_fibrosis_355.png,orig00918.png
069_fibrosis_058.png,orig00919.png
136_fibrosis_288.png,orig00920.png
034_fibrosis_271.png,orig00921.png
194_fibrosis_347.png,orig00922.png
199_fibrosis_143.png,orig00923.png
074_fibrosis_345.png,orig00924.png
034_fibrosis_361.png,orig00925.png
079_fibrosis_042.png,orig00926.png
139_fibrosis_364.png,orig00927.png
199_fibrosis_190.png,orig00928.png
080_fibrosis_469.png,orig00929.png
034_fibrosis_091.png,orig00930.png
198_fibrosis_260.png,orig00931.png
148_fibrosis_227.png,orig00932.png
199_fibrosis_240.png,orig00933.png
127_fibrosis_395.png,orig00934.png
033_fibrosis_126.png,orig00935.png
199_fibrosis_237.png,orig00936.png
079_fibrosis_056.png,orig00937.png
065_fibrosis_330.png,orig00938.png
082_fibrosis_059.png,orig00939.png
194_fibrosis_371.png,orig00940.png
073_fibrosis_339.png,orig00941.png
079_fibrosis_040.png,orig00942.png
080_fibrosis_070.png,orig00943.png
065_fibrosis_272.png,orig00944.png
193_fibrosis_212.png,orig00945.png
071_fibrosis_278.png,orig00946.png
073_fibrosis_362.png,orig00947.png
081_fibrosis_190.png,orig00948.png
079_fibrosis_271.png,orig00949.png
080_fibrosis_090.png,orig00950.png
077_fibrosis_097.png,orig00951.png
148_fibrosis_234.png,orig00952.png
139_fibrosis_369.png,orig00953.png
139_fibrosis_368.png,orig00954.png
128_fibrosis_286.png,orig00955.png
080_fibrosis_146.png,orig00956.png
065_fibrosis_177.png,orig00957.png
132_fibrosis_295.png,orig00958.png
139_fibrosis_384.png,orig00959.png
033_fibrosis_032.png,orig00960.png
065_fibrosis_159.png,orig00961.png
064_fibrosis_266.png,orig00962.png
148_fibrosis_308.png,orig00963.png
143_fibrosis_288.png,orig00964.png
065_fibrosis_210.png,orig00965.png
069_fibrosis_056.png,orig00966.png
129_fibrosis_302.png,orig00967.png
074_fibrosis_328.png,orig00968.png
065_fibrosis_260.png,orig00969.png
077_fibrosis_088.png,orig00970.png
135_fibrosis_290.png,orig00971.png
080_fibrosis_288.png,orig00972.png
065_fibrosis_197.png,orig00973.png
064_fibrosis_329.png,orig00974.png
079_fibrosis_064.png,orig00975.png
064_fibrosis_365.png,orig00976.png
069_fibrosis_050.png,orig00977.png
148_fibrosis_356.png,orig00978.png
071_fibrosis_284.png,orig00979.png
079_fibrosis_266.png,orig00980.png
066_fibrosis_354.png,orig00981.png
084_fibrosis_352.png,orig00982.png
034_fibrosis_314.png,orig00983.png
080_fibrosis_449.png,orig00984.png
081_fibrosis_062.png,orig00985.png
033_fibrosis_148.png,orig00986.png
149_fibrosis_305.png,orig00987.png
084_fibrosis_335.png,orig00988.png
131_fibrosis_337.png,orig00989.png
194_fibrosis_310.png,orig00990.png
199_fibrosis_236.png,orig00991.png
033_fibrosis_098.png,orig00992.png
033_fibrosis_157.png,orig00993.png
034_fibrosis_309.png,orig00994.png
148_fibrosis_302.png,orig00995.png
197_fibrosis_261.png,orig00996.png
149_fibrosis_255.png,orig00997.png
074_fibrosis_330.png,orig00998.png
140_fibrosis_307.png,orig00999.png
128_fibrosis_021.png,orig01000.png
080_fibrosis_254.png,orig01001.png
071_fibrosis_287.png,orig01002.png
148_fibrosis_287.png,orig01003.png
129_fibrosis_295.png,orig01004.png
199_fibrosis_209.png,orig01005.png
143_fibrosis_222.png,orig01006.png
143_fibrosis_268.png,orig01007.png
082_fibrosis_058.png,orig01008.png
066_fibrosis_364.png,orig01009.png
081_fibrosis_234.png,orig01010.png
080_fibrosis_111.png,orig01011.png
080_fibrosis_077.png,orig01012.png
065_fibrosis_304.png,orig01013.png
080_fibrosis_073.png,orig01014.png
073_fibrosis_021.png,orig01015.png
132_fibrosis_293.png,orig01016.png
034_fibrosis_228.png,orig01017.png
135_fibrosis_294.png,orig01018.png
080_fibrosis_264.png,orig01019.png
064_fibrosis_332.png,orig01020.png
069_fibrosis_027.png,orig01021.png
199_fibrosis_178.png,orig01022.png
199_fibrosis_161.png,orig01023.png
082_fibrosis_050.png,orig01024.png
148_fibrosis_254.png,orig01025.png
131_fibrosis_343.png,orig01026.png
067_fibrosis_300.png,orig01027.png
081_fibrosis_054.png,orig01028.png
128_fibrosis_307.png,orig01029.png
077_fibrosis_197.png,orig01030.png
080_fibrosis_110.png,orig01031.png
143_fibrosis_279.png,orig01032.png
193_fibrosis_188.png,orig01033.png
135_fibrosis_276.png,orig01034.png
080_fibrosis_059.png,orig01035.png
080_fibrosis_434.png,orig01036.png
140_fibrosis_322.png,orig01037.png
203_fibrosis_187.png,orig01038.png
199_fibrosis_142.png,orig01039.png
065_fibrosis_295.png,orig01040.png
081_fibrosis_107.png,orig01041.png
064_fibrosis_263.png,orig01042.png
065_fibrosis_153.png,orig01043.png
033_fibrosis_116.png,orig01044.png
067_fibrosis_262.png,orig01045.png
080_fibrosis_101.png,orig01046.png
194_fibrosis_109.png,orig01047.png
033_fibrosis_164.png,orig01048.png
069_fibrosis_035.png,orig01049.png
080_fibrosis_030.png,orig01050.png
198_fibrosis_276.png,orig01051.png
081_fibrosis_414.png,orig01052.png
194_fibrosis_073.png,orig01053.png
079_fibrosis_313.png,orig01054.png
194_fibrosis_252.png,orig01055.png
034_fibrosis_176.png,orig01056.png
065_fibrosis_271.png,orig01057.png
069_fibrosis_025.png,orig01058.png
080_fibrosis_094.png,orig01059.png
081_fibrosis_216.png,orig01060.png
199_fibrosis_192.png,orig01061.png
080_fibrosis_480.png,orig01062.png
064_fibrosis_324.png,orig01063.png
034_fibrosis_123.png,orig01064.png
132_fibrosis_329.png,orig01065.png
081_fibrosis_398.png,orig01066.png
034_fibrosis_199.png,orig01067.png
127_fibrosis_399.png,orig01068.png
084_fibrosis_351.png,orig01069.png
065_fibrosis_217.png,orig01070.png
140_fibrosis_288.png,orig01071.png
140_fibrosis_303.png,orig01072.png
078_fibrosis_331.png,orig01073.png
135_fibrosis_298.png,orig01074.png
203_fibrosis_186.png,orig01075.png
197_fibrosis_262.png,orig01076.png
082_fibrosis_122.png,orig01077.png
199_fibrosis_221.png,orig01078.png
075_fibrosis_328.png,orig01079.png
143_fibrosis_198.png,orig01080.png
071_fibrosis_274.png,orig01081.png
194_fibrosis_368.png,orig01082.png
081_fibrosis_052.png,orig01083.png
134_fibrosis_294.png,orig01084.png
198_fibrosis_232.png,orig01085.png
194_fibrosis_075.png,orig01086.png
069_fibrosis_040.png,orig01087.png
194_fibrosis_341.png,orig01088.png
198_fibrosis_234.png,orig01089.png
081_fibrosis_051.png,orig01090.png
128_fibrosis_064.png,orig01091.png
148_fibrosis_352.png,orig01092.png
079_fibrosis_024.png,orig01093.png
073_fibrosis_334.png,orig01094.png
081_fibrosis_372.png,orig01095.png
065_fibrosis_366.png,orig01096.png
069_fibrosis_054.png,orig01097.png
081_fibrosis_417.png,orig01098.png
081_fibrosis_176.png,orig01099.png
148_fibrosis_360.png,orig01100.png
149_fibrosis_297.png,orig01101.png
064_fibrosis_344.png,orig01102.png
034_fibrosis_031.png,orig01103.png
127_fibrosis_398.png,orig01104.png
034_fibrosis_221.png,orig01105.png
081_fibrosis_021.png,orig01106.png
140_fibrosis_293.png,orig01107.png
149_fibrosis_313.png,orig01108.png
081_fibrosis_400.png,orig01109.png
199_fibrosis_144.png,orig01110.png
143_fibrosis_212.png,orig01111.png
132_fibrosis_337.png,orig01112.png
081_fibrosis_403.png,orig01113.png
084_fibrosis_358.png,orig01114.png
199_fibrosis_206.png,orig01115.png
140_fibrosis_270.png,orig01116.png
069_fibrosis_053.png,orig01117.png
146_fibrosis_278.png,orig01118.png
079_fibrosis_023.png,orig01119.png
074_fibrosis_343.png,orig01120.png
194_fibrosis_225.png,orig01121.png
065_fibrosis_166.png,orig01122.png
067_fibrosis_285.png,orig01123.png
199_fibrosis_158.png,orig01124.png
135_fibrosis_304.png,orig01125.png
071_fibrosis_286.png,orig01126.png
065_fibrosis_334.png,orig01127.png
079_fibrosis_063.png,orig01128.png
136_fibrosis_285.png,orig01129.png
149_fibrosis_251.png,orig01130.png
079_fibrosis_029.png,orig01131.png
139_fibrosis_393.png,orig01132.png
064_fibrosis_351.png,orig01133.png
078_fibrosis_333.png,orig01134.png
194_fibrosis_343.png,orig01135.png
080_fibrosis_152.png,orig01136.png
084_fibrosis_326.png,orig01137.png
082_fibrosis_028.png,orig01138.png
132_fibrosis_312.png,orig01139.png
065_fibrosis_251.png,orig01140.png
149_fibrosis_291.png,orig01141.png
034_fibrosis_060.png,orig01142.png
065_fibrosis_332.png,orig01143.png
080_fibrosis_038.png,orig01144.png
131_fibrosis_342.png,orig01145.png
081_fibrosis_232.png,orig01146.png
136_fibrosis_296.png,orig01147.png
067_fibrosis_272.png,orig01148.png
065_fibrosis_353.png,orig01149.png
198_fibrosis_241.png,orig01150.png
034_fibrosis_025.png,orig01151.png
084_fibrosis_355.png,orig01152.png
065_fibrosis_169.png,orig01153.png
080_fibrosis_467.png,orig01154.png
149_fibrosis_287.png,orig01155.png
065_fibrosis_284.png,orig01156.png
034_fibrosis_362.png,orig01157.png
067_fibrosis_268.png,orig01158.png
148_fibrosis_252.png,orig01159.png
034_fibrosis_246.png,orig01160.png
128_fibrosis_063.png,orig01161.png
198_fibrosis_231.png,orig01162.png
080_fibrosis_063.png,orig01163.png
064_fibrosis_257.png,orig01164.png
080_fibrosis_465.png,orig01165.png
140_fibrosis_321.png,orig01166.png
135_fibrosis_301.png,orig01167.png
197_fibrosis_277.png,orig01168.png
081_fibrosis_024.png,orig01169.png
192_fibrosis_270.png,orig01170.png
146_fibrosis_263.png,orig01171.png
148_fibrosis_337.png,orig01172.png
198_fibrosis_240.png,orig01173.png
033_fibrosis_347.png,orig01174.png
064_fibrosis_337.png,orig01175.png
065_fibrosis_259.png,orig01176.png
081_fibrosis_435.png,orig01177.png
148_fibrosis_269.png,orig01178.png
149_fibrosis_301.png,orig01179.png
198_fibrosis_243.png,orig01180.png
147_fibrosis_033.png,orig01181.png
143_fibrosis_283.png,orig01182.png
080_fibrosis_113.png,orig01183.png
065_fibrosis_238.png,orig01184.png
143_fibrosis_218.png,orig01185.png
033_fibrosis_036.png,orig01186.png
080_fibrosis_095.png,orig01187.png
199_fibrosis_169.png,orig01188.png
080_fibrosis_260.png,orig01189.png
132_fibrosis_320.png,orig01190.png
148_fibrosis_330.png,orig01191.png
132_fibrosis_294.png,orig01192.png
194_fibrosis_289.png,orig01193.png
065_fibrosis_297.png,orig01194.png
080_fibrosis_162.png,orig01195.png
080_fibrosis_245.png,orig01196.png
148_fibrosis_361.png,orig01197.png
075_fibrosis_267.png,orig01198.png
064_fibrosis_258.png,orig01199.png
131_fibrosis_336.png,orig01200.png
064_fibrosis_280.png,orig01201.png
194_fibrosis_311.png,orig01202.png
065_fibrosis_311.png,orig01203.png
033_fibrosis_061.png,orig01204.png
084_fibrosis_340.png,orig01205.png
073_fibrosis_360.png,orig01206.png
080_fibrosis_483.png,orig01207.png
128_fibrosis_293.png,orig01208.png
073_fibrosis_331.png,orig01209.png
073_fibrosis_368.png,orig01210.png
136_fibrosis_269.png,orig01211.png
140_fibrosis_317.png,orig01212.png
079_fibrosis_264.png,orig01213.png
080_fibrosis_126.png,orig01214.png
081_fibrosis_218.png,orig01215.png
034_fibrosis_087.png,orig01216.png
080_fibrosis_253.png,orig01217.png
033_fibrosis_109.png,orig01218.png
136_fibrosis_298.png,orig01219.png
067_fibrosis_315.png,orig01220.png
081_fibrosis_430.png,orig01221.png
084_fibrosis_298.png,orig01222.png
081_fibrosis_383.png,orig01223.png
084_fibrosis_320.png,orig01224.png
194_fibrosis_254.png,orig01225.png
196_fibrosis_328.png,orig01226.png
034_fibrosis_373.png,orig01227.png
034_fibrosis_103.png,orig01228.png
084_fibrosis_309.png,orig01229.png
080_fibrosis_049.png,orig01230.png
065_fibrosis_286.png,orig01231.png
079_fibrosis_314.png,orig01232.png
078_fibrosis_267.png,orig01233.png
064_fibrosis_357.png,orig01234.png
065_fibrosis_306.png,orig01235.png
199_fibrosis_148.png,orig01236.png
081_fibrosis_070.png,orig01237.png
084_fibrosis_362.png,orig01238.png
034_fibrosis_319.png,orig01239.png
071_fibrosis_282.png,orig01240.png
033_fibrosis_343.png,orig01241.png
082_fibrosis_125.png,orig01242.png
081_fibrosis_080.png,orig01243.png
073_fibrosis_342.png,orig01244.png
081_fibrosis_059.png,orig01245.png
149_fibrosis_279.png,orig01246.png
065_fibrosis_237.png,orig01247.png
034_fibrosis_258.png,orig01248.png
080_fibrosis_155.png,orig01249.png
081_fibrosis_391.png,orig01250.png
073_fibrosis_028.png,orig01251.png
034_fibrosis_233.png,orig01252.png
081_fibrosis_082.png,orig01253.png
067_fibrosis_265.png,orig01254.png
065_fibrosis_323.png,orig01255.png
193_fibrosis_220.png,orig01256.png
194_fibrosis_339.png,orig01257.png
199_fibrosis_163.png,orig01258.png
078_fibrosis_322.png,orig01259.png
080_fibrosis_087.png,orig01260.png
140_fibrosis_306.png,orig01261.png
199_fibrosis_232.png,orig01262.png
065_fibrosis_335.png,orig01263.png
198_fibrosis_283.png,orig01264.png
140_fibrosis_267.png,orig01265.png
078_fibrosis_332.png,orig01266.png
079_fibrosis_287.png,orig01267.png
199_fibrosis_224.png,orig01268.png
081_fibrosis_206.png,orig01269.png
149_fibrosis_289.png,orig01270.png
073_fibrosis_032.png,orig01271.png
080_fibrosis_180.png,orig01272.png
081_fibrosis_406.png,orig01273.png
067_fibrosis_313.png,orig01274.png
074_fibrosis_204.png,orig01275.png
199_fibrosis_211.png,orig01276.png
143_fibrosis_293.png,orig01277.png
074_fibrosis_338.png,orig01278.png
067_fibrosis_280.png,orig01279.png
136_fibrosis_271.png,orig01280.png
196_fibrosis_331.png,orig01281.png
065_fibrosis_340.png,orig01282.png
148_fibrosis_246.png,orig01283.png
198_fibrosis_252.png,orig01284.png
033_fibrosis_344.png,orig01285.png
081_fibrosis_086.png,orig01286.png
034_fibrosis_330.png,orig01287.png
073_fibrosis_341.png,orig01288.png
075_fibrosis_265.png,orig01289.png
080_fibrosis_055.png,orig01290.png
065_fibrosis_233.png,orig01291.png
080_fibrosis_457.png,orig01292.png
143_fibrosis_285.png,orig01293.png
080_fibrosis_433.png,orig01294.png
079_fibrosis_041.png,orig01295.png
192_fibrosis_284.png,orig01296.png
143_fibrosis_276.png,orig01297.png
080_fibrosis_026.png,orig01298.png
197_fibrosis_273.png,orig01299.png
065_fibrosis_278.png,orig01300.png
065_fibrosis_191.png,orig01301.png
199_fibrosis_159.png,orig01302.png
143_fibrosis_224.png,orig01303.png
064_fibrosis_254.png,orig01304.png
034_fibrosis_354.png,orig01305.png
146_fibrosis_276.png,orig01306.png
079_fibrosis_055.png,orig01307.png
078_fibrosis_283.png,orig01308.png
080_fibrosis_047.png,orig01309.png
080_fibrosis_177.png,orig01310.png
081_fibrosis_211.png,orig01311.png
198_fibrosis_236.png,orig01312.png
034_fibrosis_158.png,orig01313.png
034_fibrosis_094.png,orig01314.png
080_fibrosis_028.png,orig01315.png
033_fibrosis_288.png,orig01316.png
143_fibrosis_269.png,orig01317.png
080_fibrosis_079.png,orig01318.png
074_fibrosis_327.png,orig01319.png
140_fibrosis_298.png,orig01320.png
072_fibrosis_291.png,orig01321.png
132_fibrosis_318.png,orig01322.png
075_fibrosis_316.png,orig01323.png
199_fibrosis_225.png,orig01324.png
065_fibrosis_288.png,orig01325.png
081_fibrosis_179.png,orig01326.png
147_fibrosis_045.png,orig01327.png
065_fibrosis_254.png,orig01328.png
078_fibrosis_262.png,orig01329.png
065_fibrosis_086.png,orig01330.png
081_fibrosis_041.png,orig01331.png
148_fibrosis_334.png,orig01332.png
034_fibrosis_326.png,orig01333.png
034_fibrosis_058.png,orig01334.png
148_fibrosis_320.png,orig01335.png
148_fibrosis_329.png,orig01336.png
067_fibrosis_310.png,orig01337.png
143_fibrosis_242.png,orig01338.png
065_fibrosis_345.png,orig01339.png
194_fibrosis_234.png,orig01340.png
080_fibrosis_182.png,orig01341.png
128_fibrosis_300.png,orig01342.png
075_fibrosis_317.png,orig01343.png
081_fibrosis_213.png,orig01344.png
148_fibrosis_345.png,orig01345.png
080_fibrosis_464.png,orig01346.png
079_fibrosis_036.png,orig01347.png
067_fibrosis_275.png,orig01348.png
128_fibrosis_285.png,orig01349.png
140_fibrosis_302.png,orig01350.png
197_fibrosis_264.png,orig01351.png
082_fibrosis_036.png,orig01352.png
034_fibrosis_140.png,orig01353.png
065_fibrosis_164.png,orig01354.png
034_fibrosis_053.png,orig01355.png
080_fibrosis_193.png,orig01356.png
033_fibrosis_196.png,orig01357.png
065_fibrosis_195.png,orig01358.png
148_fibrosis_295.png,orig01359.png
194_fibrosis_346.png,orig01360.png
081_fibrosis_409.png,orig01361.png
199_fibrosis_139.png,orig01362.png
082_fibrosis_047.png,orig01363.png
080_fibrosis_436.png,orig01364.png
073_fibrosis_340.png,orig01365.png
081_fibrosis_180.png,orig01366.png
203_fibrosis_168.png,orig01367.png
135_fibrosis_289.png,orig01368.png
067_fibrosis_282.png,orig01369.png
067_fibrosis_277.png,orig01370.png
080_fibrosis_257.png,orig01371.png
084_fibrosis_353.png,orig01372.png
147_fibrosis_039.png,orig01373.png
196_fibrosis_330.png,orig01374.png
080_fibrosis_287.png,orig01375.png
065_fibrosis_282.png,orig01376.png
080_fibrosis_125.png,orig01377.png
065_fibrosis_209.png,orig01378.png
199_fibrosis_184.png,orig01379.png
033_fibrosis_337.png,orig01380.png
080_fibrosis_141.png,orig01381.png
081_fibrosis_053.png,orig01382.png
081_fibrosis_084.png,orig01383.png
065_fibrosis_180.png,orig01384.png
193_fibrosis_203.png,orig01385.png
064_fibrosis_322.png,orig01386.png
082_fibrosis_024.png,orig01387.png
034_fibrosis_033.png,orig01388.png
199_fibrosis_210.png,orig01389.png
065_fibrosis_205.png,orig01390.png
064_fibrosis_331.png,orig01391.png
196_fibrosis_332.png,orig01392.png
069_fibrosis_062.png,orig01393.png
033_fibrosis_205.png,orig01394.png
148_fibrosis_335.png,orig01395.png
081_fibrosis_085.png,orig01396.png
198_fibrosis_256.png,orig01397.png
199_fibrosis_140.png,orig01398.png
073_fibrosis_349.png,orig01399.png
034_fibrosis_119.png,orig01400.png
077_fibrosis_094.png,orig01401.png
079_fibrosis_052.png,orig01402.png
034_fibrosis_201.png,orig01403.png
194_fibrosis_340.png,orig01404.png
197_fibrosis_283.png,orig01405.png
066_fibrosis_368.png,orig01406.png
080_fibrosis_281.png,orig01407.png
143_fibrosis_247.png,orig01408.png
147_fibrosis_026.png,orig01409.png
081_fibrosis_072.png,orig01410.png
080_fibrosis_133.png,orig01411.png
080_fibrosis_435.png,orig01412.png
081_fibrosis_081.png,orig01413.png
136_fibrosis_295.png,orig01414.png
132_fibrosis_292.png,orig01415.png
143_fibrosis_263.png,orig01416.png
199_fibrosis_220.png,orig01417.png
065_fibrosis_321.png,orig01418.png
080_fibrosis_064.png,orig01419.png
064_fibrosis_291.png,orig01420.png
194_fibrosis_118.png,orig01421.png
139_fibrosis_383.png,orig01422.png
143_fibrosis_229.png,orig01423.png
080_fibrosis_171.png,orig01424.png
034_fibrosis_244.png,orig01425.png
194_fibrosis_365.png,orig01426.png
067_fibrosis_305.png,orig01427.png
203_fibrosis_175.png,orig01428.png
147_fibrosis_032.png,orig01429.png
065_fibrosis_188.png,orig01430.png
149_fibrosis_281.png,orig01431.png
143_fibrosis_289.png,orig01432.png
128_fibrosis_290.png,orig01433.png
033_fibrosis_181.png,orig01434.png
148_fibrosis_260.png,orig01435.png
080_fibrosis_181.png,orig01436.png
065_fibrosis_190.png,orig01437.png
034_fibrosis_219.png,orig01438.png
073_fibrosis_345.png,orig01439.png
065_fibrosis_194.png,orig01440.png
081_fibrosis_422.png,orig01441.png
034_fibrosis_360.png,orig01442.png
148_fibrosis_327.png,orig01443.png
147_fibrosis_027.png,orig01444.png
080_fibrosis_462.png,orig01445.png
128_fibrosis_306.png,orig01446.png
034_fibrosis_151.png,orig01447.png
034_fibrosis_105.png,orig01448.png
081_fibrosis_105.png,orig01449.png
149_fibrosis_307.png,orig01450.png
081_fibrosis_106.png,orig01451.png
065_fibrosis_192.png,orig01452.png
081_fibrosis_030.png,orig01453.png
078_fibrosis_291.png,orig01454.png
140_fibrosis_326.png,orig01455.png
199_fibrosis_203.png,orig01456.png
081_fibrosis_384.png,orig01457.png
081_fibrosis_183.png,orig01458.png
194_fibrosis_359.png,orig01459.png
082_fibrosis_027.png,orig01460.png
033_fibrosis_105.png,orig01461.png
080_fibrosis_031.png,orig01462.png
081_fibrosis_436.png,orig01463.png
034_fibrosis_363.png,orig01464.png
073_fibrosis_358.png,orig01465.png
084_fibrosis_354.png,orig01466.png
135_fibrosis_299.png,orig01467.png
084_fibrosis_375.png,orig01468.png
132_fibrosis_339.png,orig01469.png
078_fibrosis_287.png,orig01470.png
067_fibrosis_308.png,orig01471.png
132_fibrosis_324.png,orig01472.png
034_fibrosis_160.png,orig01473.png
066_fibrosis_369.png,orig01474.png
033_fibrosis_173.png,orig01475.png
065_fibrosis_344.png,orig01476.png
203_fibrosis_184.png,orig01477.png
078_fibrosis_351.png,orig01478.png
065_fibrosis_222.png,orig01479.png
081_fibrosis_395.png,orig01480.png
067_fibrosis_266.png,orig01481.png
084_fibrosis_306.png,orig01482.png
064_fibrosis_338.png,orig01483.png
081_fibrosis_178.png,orig01484.png
065_fibrosis_373.png,orig01485.png
065_fibrosis_232.png,orig01486.png
065_fibrosis_316.png,orig01487.png
064_fibrosis_295.png,orig01488.png
065_fibrosis_203.png,orig01489.png
033_fibrosis_153.png,orig01490.png
081_fibrosis_022.png,orig01491.png
199_fibrosis_167.png,orig01492.png
084_fibrosis_348.png,orig01493.png
034_fibrosis_334.png,orig01494.png
065_fibrosis_368.png,orig01495.png
034_fibrosis_312.png,orig01496.png
034_fibrosis_067.png,orig01497.png
198_fibrosis_248.png,orig01498.png
080_fibrosis_143.png,orig01499.png
081_fibrosis_049.png,orig01500.png
034_fibrosis_069.png,orig01501.png
067_fibrosis_274.png,orig01502.png
081_fibrosis_231.png,orig01503.png
135_fibrosis_288.png,orig01504.png
077_fibrosis_131.png,orig01505.png
065_fibrosis_173.png,orig01506.png
064_fibrosis_355.png,orig01507.png
033_fibrosis_187.png,orig01508.png
078_fibrosis_338.png,orig01509.png
034_fibrosis_080.png,orig01510.png
079_fibrosis_066.png,orig01511.png
084_fibrosis_367.png,orig01512.png
081_fibrosis_432.png,orig01513.png
143_fibrosis_292.png,orig01514.png
143_fibrosis_244.png,orig01515.png
033_fibrosis_339.png,orig01516.png
140_fibrosis_285.png,orig01517.png
082_fibrosis_124.png,orig01518.png
194_fibrosis_318.png,orig01519.png
066_fibrosis_367.png,orig01520.png
034_fibrosis_224.png,orig01521.png
034_fibrosis_051.png,orig01522.png
066_fibrosis_359.png,orig01523.png
132_fibrosis_297.png,orig01524.png
084_fibrosis_310.png,orig01525.png
080_fibrosis_279.png,orig01526.png
139_fibrosis_365.png,orig01527.png
065_fibrosis_227.png,orig01528.png
084_fibrosis_308.png,orig01529.png
132_fibrosis_322.png,orig01530.png
084_fibrosis_368.png,orig01531.png
072_fibrosis_294.png,orig01532.png
080_fibrosis_276.png,orig01533.png
064_fibrosis_281.png,orig01534.png
146_fibrosis_279.png,orig01535.png
143_fibrosis_211.png,orig01536.png
193_fibrosis_201.png,orig01537.png
073_fibrosis_367.png,orig01538.png
065_fibrosis_360.png,orig01539.png
199_fibrosis_208.png,orig01540.png
081_fibrosis_224.png,orig01541.png
034_fibrosis_137.png,orig01542.png
034_fibrosis_332.png,orig01543.png
033_fibrosis_244.png,orig01544.png
084_fibrosis_350.png,orig01545.png
064_fibrosis_293.png,orig01546.png
199_fibrosis_156.png,orig01547.png
135_fibrosis_287.png,orig01548.png
084_fibrosis_357.png,orig01549.png
073_fibrosis_356.png,orig01550.png
134_fibrosis_292.png,orig01551.png
128_fibrosis_280.png,orig01552.png
065_fibrosis_354.png,orig01553.png
081_fibrosis_033.png,orig01554.png
080_fibrosis_438.png,orig01555.png
132_fibrosis_296.png,orig01556.png
082_fibrosis_037.png,orig01557.png
065_fibrosis_223.png,orig01558.png
033_fibrosis_074.png,orig01559.png
148_fibrosis_343.png,orig01560.png
198_fibrosis_245.png,orig01561.png
129_fibrosis_308.png,orig01562.png
064_fibrosis_259.png,orig01563.png
081_fibrosis_040.png,orig01564.png
080_fibrosis_179.png,orig01565.png
081_fibrosis_210.png,orig01566.png
065_fibrosis_274.png,orig01567.png
081_fibrosis_424.png,orig01568.png
081_fibrosis_434.png,orig01569.png
067_fibrosis_309.png,orig01570.png
069_fibrosis_034.png,orig01571.png
199_fibrosis_145.png,orig01572.png
072_fibrosis_292.png,orig01573.png
082_fibrosis_121.png,orig01574.png
148_fibrosis_322.png,orig01575.png
079_fibrosis_275.png,orig01576.png
075_fibrosis_321.png,orig01577.png
084_fibrosis_364.png,orig01578.png
148_fibrosis_332.png,orig01579.png
194_fibrosis_304.png,orig01580.png
129_fibrosis_296.png,orig01581.png
136_fibrosis_277.png,orig01582.png
079_fibrosis_061.png,orig01583.png
148_fibrosis_346.png,orig01584.png
065_fibrosis_253.png,orig01585.png
065_fibrosis_309.png,orig01586.png
073_fibrosis_024.png,orig01587.png
077_fibrosis_084.png,orig01588.png
134_fibrosis_287.png,orig01589.png
084_fibrosis_327.png,orig01590.png
194_fibrosis_120.png,orig01591.png
034_fibrosis_327.png,orig01592.png
077_fibrosis_125.png,orig01593.png
199_fibrosis_202.png,orig01594.png
148_fibrosis_321.png,orig01595.png
080_fibrosis_444.png,orig01596.png
078_fibrosis_273.png,orig01597.png
065_fibrosis_244.png,orig01598.png
071_fibrosis_280.png,orig01599.png
143_fibrosis_241.png,orig01600.png
065_fibrosis_230.png,orig01601.png
033_fibrosis_219.png,orig01602.png
148_fibrosis_290.png,orig01603.png
034_fibrosis_341.png,orig01604.png
034_fibrosis_044.png,orig01605.png
078_fibrosis_345.png,orig01606.png
136_fibrosis_253.png,orig01607.png
080_fibrosis_061.png,orig01608.png
134_fibrosis_283.png,orig01609.png
077_fibrosis_196.png,orig01610.png
136_fibrosis_259.png,orig01611.png
194_fibrosis_290.png,orig01612.png
143_fibrosis_275.png,orig01613.png
199_fibrosis_201.png,orig01614.png
080_fibrosis_067.png,orig01615.png
139_fibrosis_371.png,orig01616.png
143_fibrosis_232.png,orig01617.png
073_fibrosis_035.png,orig01618.png
034_fibrosis_162.png,orig01619.png
194_fibrosis_348.png,orig01620.png
148_fibrosis_303.png,orig01621.png
069_fibrosis_065.png,orig01622.png
081_fibrosis_174.png,orig01623.png
194_fibrosis_372.png,orig01624.png
148_fibrosis_300.png,orig01625.png
194_fibrosis_316.png,orig01626.png
033_fibrosis_176.png,orig01627.png
034_fibrosis_212.png,orig01628.png
067_fibrosis_279.png,orig01629.png
080_fibrosis_440.png,orig01630.png
149_fibrosis_304.png,orig01631.png
084_fibrosis_334.png,orig01632.png
194_fibrosis_227.png,orig01633.png
139_fibrosis_374.png,orig01634.png
132_fibrosis_306.png,orig01635.png
073_fibrosis_022.png,orig01636.png
079_fibrosis_027.png,orig01637.png
079_fibrosis_277.png,orig01638.png
075_fibrosis_270.png,orig01639.png
129_fibrosis_311.png,orig01640.png
078_fibrosis_294.png,orig01641.png
196_fibrosis_317.png,orig01642.png
132_fibrosis_298.png,orig01643.png
073_fibrosis_347.png,orig01644.png
194_fibrosis_291.png,orig01645.png
081_fibrosis_025.png,orig01646.png
199_fibrosis_176.png,orig01647.png
034_fibrosis_114.png,orig01648.png
067_fibrosis_303.png,orig01649.png
065_fibrosis_337.png,orig01650.png
148_fibrosis_236.png,orig01651.png
072_fibrosis_289.png,orig01652.png
132_fibrosis_307.png,orig01653.png
194_fibrosis_293.png,orig01654.png
147_fibrosis_022.png,orig01655.png
203_fibrosis_194.png,orig01656.png
149_fibrosis_303.png,orig01657.png
081_fibrosis_026.png,orig01658.png
132_fibrosis_328.png,orig01659.png
192_fibrosis_267.png,orig01660.png
131_fibrosis_340.png,orig01661.png
069_fibrosis_064.png,orig01662.png
081_fibrosis_209.png,orig01663.png
080_fibrosis_042.png,orig01664.png
078_fibrosis_299.png,orig01665.png
140_fibrosis_305.png,orig01666.png
082_fibrosis_063.png,orig01667.png
080_fibrosis_060.png,orig01668.png
067_fibrosis_267.png,orig01669.png
033_fibrosis_141.png,orig01670.png
065_fibrosis_315.png,orig01671.png
143_fibrosis_291.png,orig01672.png
148_fibrosis_307.png,orig01673.png
194_fibrosis_367.png,orig01674.png
079_fibrosis_062.png,orig01675.png
080_fibrosis_168.png,orig01676.png
132_fibrosis_309.png,orig01677.png
080_fibrosis_188.png,orig01678.png
149_fibrosis_312.png,orig01679.png
140_fibrosis_279.png,orig01680.png
148_fibrosis_275.png,orig01681.png
148_fibrosis_367.png,orig01682.png
194_fibrosis_328.png,orig01683.png
147_fibrosis_049.png,orig01684.png
067_fibrosis_319.png,orig01685.png
081_fibrosis_050.png,orig01686.png
082_fibrosis_032.png,orig01687.png
084_fibrosis_304.png,orig01688.png
203_fibrosis_190.png,orig01689.png
079_fibrosis_035.png,orig01690.png
065_fibrosis_296.png,orig01691.png
194_fibrosis_294.png,orig01692.png
080_fibrosis_160.png,orig01693.png
080_fibrosis_176.png,orig01694.png
132_fibrosis_334.png,orig01695.png
194_fibrosis_369.png,orig01696.png
136_fibrosis_266.png,orig01697.png
034_fibrosis_262.png,orig01698.png
066_fibrosis_356.png,orig01699.png
135_fibrosis_305.png,orig01700.png
143_fibrosis_213.png,orig01701.png
143_fibrosis_277.png,orig01702.png
147_fibrosis_050.png,orig01703.png
148_fibrosis_273.png,orig01704.png
034_fibrosis_021.png,orig01705.png
033_fibrosis_335.png,orig01706.png
065_fibrosis_212.png,orig01707.png
136_fibrosis_279.png,orig01708.png
078_fibrosis_346.png,orig01709.png
065_fibrosis_305.png,orig01710.png
128_fibrosis_304.png,orig01711.png
143_fibrosis_265.png,orig01712.png
033_fibrosis_030.png,orig01713.png
078_fibrosis_286.png,orig01714.png
147_fibrosis_031.png,orig01715.png
034_fibrosis_349.png,orig01716.png
082_fibrosis_127.png,orig01717.png
084_fibrosis_344.png,orig01718.png
034_fibrosis_367.png,orig01719.png
080_fibrosis_165.png,orig01720.png
143_fibrosis_225.png,orig01721.png
067_fibrosis_314.png,orig01722.png
081_fibrosis_433.png,orig01723.png
033_fibrosis_021.png,orig01724.png
064_fibrosis_260.png,orig01725.png
147_fibrosis_025.png,orig01726.png
077_fibrosis_093.png,orig01727.png
148_fibrosis_294.png,orig01728.png
082_fibrosis_128.png,orig01729.png
147_fibrosis_029.png,orig01730.png
033_fibrosis_118.png,orig01731.png
082_fibrosis_046.png,orig01732.png
082_fibrosis_022.png,orig01733.png
064_fibrosis_286.png,orig01734.png
194_fibrosis_297.png,orig01735.png
148_fibrosis_314.png,orig01736.png
065_fibrosis_160.png,orig01737.png
080_fibrosis_045.png,orig01738.png
064_fibrosis_367.png,orig01739.png
143_fibrosis_259.png,orig01740.png
128_fibrosis_312.png,orig01741.png
069_fibrosis_051.png,orig01742.png
066_fibrosis_140.png,orig01743.png
081_fibrosis_373.png,orig01744.png
034_fibrosis_203.png,orig01745.png
143_fibrosis_282.png,orig01746.png
073_fibrosis_344.png,orig01747.png
077_fibrosis_081.png,orig01748.png
079_fibrosis_059.png,orig01749.png
034_fibrosis_078.png,orig01750.png
203_fibrosis_191.png,orig01751.png
034_fibrosis_237.png,orig01752.png
080_fibrosis_173.png,orig01753.png
134_fibrosis_302.png,orig01754.png
065_fibrosis_364.png,orig01755.png
147_fibrosis_047.png,orig01756.png
080_fibrosis_154.png,orig01757.png
082_fibrosis_126.png,orig01758.png
149_fibrosis_314.png,orig01759.png
069_fibrosis_061.png,orig01760.png
080_fibrosis_479.png,orig01761.png
149_fibrosis_319.png,orig01762.png
080_fibrosis_250.png,orig01763.png
148_fibrosis_240.png,orig01764.png
077_fibrosis_132.png,orig01765.png
084_fibrosis_318.png,orig01766.png
132_fibrosis_291.png,orig01767.png
034_fibrosis_190.png,orig01768.png
069_fibrosis_041.png,orig01769.png
064_fibrosis_275.png,orig01770.png
073_fibrosis_033.png,orig01771.png
080_fibrosis_476.png,orig01772.png
198_fibrosis_209.png,orig01773.png
064_fibrosis_364.png,orig01774.png
193_fibrosis_215.png,orig01775.png
067_fibrosis_297.png,orig01776.png
080_fibrosis_198.png,orig01777.png
033_fibrosis_169.png,orig01778.png
034_fibrosis_153.png,orig01779.png
074_fibrosis_342.png,orig01780.png
080_fibrosis_282.png,orig01781.png
134_fibrosis_279.png,orig01782.png
197_fibrosis_265.png,orig01783.png
084_fibrosis_345.png,orig01784.png
064_fibrosis_334.png,orig01785.png
077_fibrosis_086.png,orig01786.png
066_fibrosis_355.png,orig01787.png
078_fibrosis_335.png,orig01788.png
064_fibrosis_371.png,orig01789.png
136_fibrosis_276.png,orig01790.png
081_fibrosis_412.png,orig01791.png
079_fibrosis_273.png,orig01792.png
140_fibrosis_291.png,orig01793.png
080_fibrosis_244.png,orig01794.png
071_fibrosis_273.png,orig01795.png
034_fibrosis_071.png,orig01796.png
069_fibrosis_024.png,orig01797.png
131_fibrosis_346.png,orig01798.png
082_fibrosis_061.png,orig01799.png
082_fibrosis_065.png,orig01800.png
067_fibrosis_317.png,orig01801.png
067_fibrosis_311.png,orig01802.png
034_fibrosis_046.png,orig01803.png
134_fibrosis_301.png,orig01804.png
198_fibrosis_237.png,orig01805.png
065_fibrosis_231.png,orig01806.png
148_fibrosis_247.png,orig01807.png
034_fibrosis_355.png,orig01808.png
194_fibrosis_335.png,orig01809.png
079_fibrosis_278.png,orig01810.png
081_fibrosis_056.png,orig01811.png
143_fibrosis_267.png,orig01812.png
078_fibrosis_281.png,orig01813.png
082_fibrosis_039.png,orig01814.png
148_fibrosis_277.png,orig01815.png
128_fibrosis_310.png,orig01816.png
034_fibrosis_098.png,orig01817.png
199_fibrosis_166.png,orig01818.png
065_fibrosis_264.png,orig01819.png
065_fibrosis_158.png,orig01820.png
080_fibrosis_135.png,orig01821.png
065_fibrosis_293.png,orig01822.png
034_fibrosis_110.png,orig01823.png
136_fibrosis_265.png,orig01824.png
034_fibrosis_062.png,orig01825.png
148_fibrosis_312.png,orig01826.png
081_fibrosis_390.png,orig01827.png
079_fibrosis_020.png,orig01828.png
149_fibrosis_285.png,orig01829.png
080_fibrosis_151.png,orig01830.png
077_fibrosis_128.png,orig01831.png
082_fibrosis_029.png,orig01832.png
140_fibrosis_330.png,orig01833.png
084_fibrosis_300.png,orig01834.png
065_fibrosis_245.png,orig01835.png
034_fibrosis_374.png,orig01836.png
081_fibrosis_175.png,orig01837.png
033_fibrosis_025.png,orig01838.png
079_fibrosis_038.png,orig01839.png
067_fibrosis_298.png,orig01840.png
081_fibrosis_078.png,orig01841.png
148_fibrosis_318.png,orig01842.png
080_fibrosis_078.png,orig01843.png
080_fibrosis_044.png,orig01844.png
081_fibrosis_184.png,orig01845.png
081_fibrosis_376.png,orig01846.png
081_fibrosis_405.png,orig01847.png
199_fibrosis_147.png,orig01848.png
127_fibrosis_396.png,orig01849.png
080_fibrosis_121.png,orig01850.png
143_fibrosis_281.png,orig01851.png
081_fibrosis_032.png,orig01852.png
080_fibrosis_474.png,orig01853.png
034_fibrosis_116.png,orig01854.png
082_fibrosis_031.png,orig01855.png
148_fibrosis_285.png,orig01856.png
199_fibrosis_146.png,orig01857.png
129_fibrosis_312.png,orig01858.png
129_fibrosis_293.png,orig01859.png
081_fibrosis_380.png,orig01860.png
080_fibrosis_172.png,orig01861.png
080_fibrosis_142.png,orig01862.png
080_fibrosis_140.png,orig01863.png
071_fibrosis_279.png,orig01864.png
034_fibrosis_280.png,orig01865.png
078_fibrosis_271.png,orig01866.png
147_fibrosis_028.png,orig01867.png
128_fibrosis_282.png,orig01868.png
064_fibrosis_352.png,orig01869.png
064_fibrosis_356.png,orig01870.png
149_fibrosis_325.png,orig01871.png
078_fibrosis_266.png,orig01872.png
136_fibrosis_268.png,orig01873.png
081_fibrosis_229.png,orig01874.png
193_fibrosis_194.png,orig01875.png
140_fibrosis_258.png,orig01876.png
034_fibrosis_165.png,orig01877.png
081_fibrosis_215.png,orig01878.png
194_fibrosis_323.png,orig01879.png
065_fibrosis_240.png,orig01880.png
194_fibrosis_314.png,orig01881.png
197_fibrosis_271.png,orig01882.png
081_fibrosis_386.png,orig01883.png
079_fibrosis_028.png,orig01884.png
067_fibrosis_312.png,orig01885.png
194_fibrosis_057.png,orig01886.png
079_fibrosis_034.png,orig01887.png
136_fibrosis_289.png,orig01888.png
069_fibrosis_063.png,orig01889.png
198_fibrosis_218.png,orig01890.png
064_fibrosis_321.png,orig01891.png
143_fibrosis_272.png,orig01892.png
064_fibrosis_262.png,orig01893.png
077_fibrosis_083.png,orig01894.png
065_fibrosis_262.png,orig01895.png
034_fibrosis_251.png,orig01896.png
065_fibrosis_167.png,orig01897.png
034_fibrosis_359.png,orig01898.png
198_fibrosis_278.png,orig01899.png
129_fibrosis_310.png,orig01900.png
203_fibrosis_182.png,orig01901.png
080_fibrosis_184.png,orig01902.png
143_fibrosis_252.png,orig01903.png
072_fibrosis_290.png,orig01904.png
065_fibrosis_241.png,orig01905.png
080_fibrosis_475.png,orig01906.png
143_fibrosis_278.png,orig01907.png
080_fibrosis_195.png,orig01908.png
081_fibrosis_387.png,orig01909.png
066_fibrosis_361.png,orig01910.png
033_fibrosis_191.png,orig01911.png
074_fibrosis_337.png,orig01912.png
084_fibrosis_303.png,orig01913.png
065_fibrosis_229.png,orig01914.png
146_fibrosis_270.png,orig01915.png
080_fibrosis_105.png,orig01916.png
149_fibrosis_299.png,orig01917.png
146_fibrosis_281.png,orig01918.png
073_fibrosis_363.png,orig01919.png
072_fibrosis_129.png,orig01920.png
069_fibrosis_048.png,orig01921.png
143_fibrosis_256.png,orig01922.png
080_fibrosis_056.png,orig01923.png
147_fibrosis_037.png,orig01924.png
074_fibrosis_335.png,orig01925.png
134_fibrosis_297.png,orig01926.png
149_fibrosis_323.png,orig01927.png
082_fibrosis_123.png,orig01928.png
081_fibrosis_073.png,orig01929.png
194_fibrosis_276.png,orig01930.png
077_fibrosis_127.png,orig01931.png
203_fibrosis_185.png,orig01932.png
199_fibrosis_238.png,orig01933.png
066_fibrosis_366.png,orig01934.png
067_fibrosis_307.png,orig01935.png
128_fibrosis_297.png,orig01936.png
081_fibrosis_036.png,orig01937.png
080_fibrosis_046.png,orig01938.png
081_fibrosis_060.png,orig01939.png
033_fibrosis_137.png,orig01940.png
081_fibrosis_039.png,orig01941.png
080_fibrosis_447.png,orig01942.png
077_fibrosis_124.png,orig01943.png
033_fibrosis_077.png,orig01944.png
129_fibrosis_306.png,orig01945.png
147_fibrosis_030.png,orig01946.png
066_fibrosis_370.png,orig01947.png
136_fibrosis_280.png,orig01948.png
129_fibrosis_307.png,orig01949.png
081_fibrosis_068.png,orig01950.png
080_fibrosis_280.png,orig01951.png
148_fibrosis_284.png,orig01952.png
064_fibrosis_327.png,orig01953.png
033_fibrosis_038.png,orig01954.png
067_fibrosis_316.png,orig01955.png
140_fibrosis_274.png,orig01956.png
067_fibrosis_259.png,orig01957.png
033_fibrosis_332.png,orig01958.png
080_fibrosis_106.png,orig01959.png
080_fibrosis_020.png,orig01960.png
148_fibrosis_301.png,orig01961.png
199_fibrosis_227.png,orig01962.png
148_fibrosis_344.png,orig01963.png
080_fibrosis_432.png,orig01964.png
078_fibrosis_350.png,orig01965.png
194_fibrosis_259.png,orig01966.png
033_fibrosis_043.png,orig01967.png
065_fibrosis_269.png,orig01968.png
081_fibrosis_074.png,orig01969.png
148_fibrosis_250.png,orig01970.png
198_fibrosis_200.png,orig01971.png
067_fibrosis_294.png,orig01972.png
034_fibrosis_076.png,orig01973.png
078_fibrosis_352.png,orig01974.png
064_fibrosis_368.png,orig01975.png
033_fibrosis_107.png,orig01976.png
148_fibrosis_305.png,orig01977.png
069_fibrosis_032.png,orig01978.png
065_fibrosis_246.png,orig01979.png
069_fibrosis_047.png,orig01980.png
148_fibrosis_223.png,orig01981.png
193_fibrosis_200.png,orig01982.png
148_fibrosis_313.png,orig01983.png
033_fibrosis_194.png,orig01984.png
080_fibrosis_270.png,orig01985.png
034_fibrosis_194.png,orig01986.png
199_fibrosis_138.png,orig01987.png
065_fibrosis_333.png,orig01988.png
194_fibrosis_352.png,orig01989.png
065_fibrosis_325.png,orig01990.png
077_fibrosis_130.png,orig01991.png
135_fibrosis_286.png,orig01992.png
203_fibrosis_177.png,orig01993.png
197_fibrosis_260.png,orig01994.png
148_fibrosis_248.png,orig01995.png
081_fibrosis_061.png,orig01996.png
067_fibrosis_269.png,orig01997.png
149_fibrosis_309.png,orig01998.png
067_fibrosis_292.png,orig01999.png
080_fibrosis_455.png,orig02000.png
148_fibrosis_341.png,orig02001.png
065_fibrosis_341.png,orig02002.png
132_fibrosis_314.png,orig02003.png
199_fibrosis_207.png,orig02004.png
134_fibrosis_295.png,orig02005.png
065_fibrosis_287.png,orig02006.png
134_fibrosis_282.png,orig02007.png
148_fibrosis_358.png,orig02008.png
140_fibrosis_299.png,orig02009.png
079_fibrosis_262.png,orig02010.png
034_fibrosis_230.png,orig02011.png
081_fibrosis_418.png,orig02012.png
082_fibrosis_057.png,orig02013.png
080_fibrosis_470.png,orig02014.png
078_fibrosis_277.png,orig02015.png
148_fibrosis_328.png,orig02016.png
065_fibrosis_327.png,orig02017.png
081_fibrosis_377.png,orig02018.png
065_fibrosis_270.png,orig02019.png
065_fibrosis_361.png,orig02020.png
034_fibrosis_366.png,orig02021.png
065_fibrosis_356.png,orig02022.png
082_fibrosis_130.png,orig02023.png
065_fibrosis_213.png,orig02024.png
148_fibrosis_222.png,orig02025.png
075_fibrosis_322.png,orig02026.png
080_fibrosis_027.png,orig02027.png
194_fibrosis_355.png,orig02028.png
081_fibrosis_023.png,orig02029.png
148_fibrosis_274.png,orig02030.png
143_fibrosis_216.png,orig02031.png
132_fibrosis_336.png,orig02032.png
143_fibrosis_258.png,orig02033.png
034_fibrosis_085.png,orig02034.png
033_fibrosis_348.png,orig02035.png
080_fibrosis_096.png,orig02036.png
194_fibrosis_084.png,orig02037.png
034_fibrosis_235.png,orig02038.png
033_fibrosis_201.png,orig02039.png
080_fibrosis_156.png,orig02040.png
081_fibrosis_177.png,orig02041.png
080_fibrosis_178.png,orig02042.png
067_fibrosis_281.png,orig02043.png
071_fibrosis_283.png,orig02044.png
148_fibrosis_347.png,orig02045.png
127_fibrosis_384.png,orig02046.png
067_fibrosis_301.png,orig02047.png
065_fibrosis_369.png,orig02048.png
082_fibrosis_049.png,orig02049.png
078_fibrosis_348.png,orig02050.png
203_fibrosis_169.png,orig02051.png
081_fibrosis_063.png,orig02052.png
080_fibrosis_148.png,orig02053.png
065_fibrosis_328.png,orig02054.png
132_fibrosis_332.png,orig02055.png
080_fibrosis_258.png,orig02056.png
196_fibrosis_327.png,orig02057.png
080_fibrosis_124.png,orig02058.png
134_fibrosis_280.png,orig02059.png
198_fibrosis_257.png,orig02060.png
033_fibrosis_349.png,orig02061.png
140_fibrosis_284.png,orig02062.png
080_fibrosis_054.png,orig02063.png
194_fibrosis_329.png,orig02064.png
192_fibrosis_268.png,orig02065.png
075_fibrosis_329.png,orig02066.png
065_fibrosis_266.png,orig02067.png
082_fibrosis_062.png,orig02068.png
197_fibrosis_267.png,orig02069.png
080_fibrosis_452.png,orig02070.png
128_fibrosis_283.png,orig02071.png
065_fibrosis_250.png,orig02072.png
065_fibrosis_310.png,orig02073.png
194_fibrosis_345.png,orig02074.png
080_fibrosis_472.png,orig02075.png
033_fibrosis_264.png,orig02076.png
143_fibrosis_239.png,orig02077.png
077_fibrosis_133.png,orig02078.png
065_fibrosis_252.png,orig02079.png
073_fibrosis_025.png,orig02080.png
073_fibrosis_034.png,orig02081.png
149_fibrosis_294.png,orig02082.png
143_fibrosis_274.png,orig02083.png
080_fibrosis_466.png,orig02084.png
079_fibrosis_311.png,orig02085.png
078_fibrosis_341.png,orig02086.png
080_fibrosis_071.png,orig02087.png
066_fibrosis_374.png,orig02088.png
075_fibrosis_320.png,orig02089.png
082_fibrosis_025.png,orig02090.png
081_fibrosis_415.png,orig02091.png
081_fibrosis_186.png,orig02092.png
073_fibrosis_031.png,orig02093.png
080_fibrosis_459.png,orig02094.png
079_fibrosis_265.png,orig02095.png
140_fibrosis_295.png,orig02096.png
199_fibrosis_185.png,orig02097.png
128_fibrosis_025.png,orig02098.png
034_fibrosis_135.png,orig02099.png
080_fibrosis_274.png,orig02100.png
075_fibrosis_271.png,orig02101.png
134_fibrosis_296.png,orig02102.png
198_fibrosis_272.png,orig02103.png
079_fibrosis_267.png,orig02104.png
199_fibrosis_141.png,orig02105.png
065_fibrosis_155.png,orig02106.png
143_fibrosis_235.png,orig02107.png
143_fibrosis_221.png,orig02108.png
128_fibrosis_291.png,orig02109.png
065_fibrosis_331.png,orig02110.png
064_fibrosis_359.png,orig02111.png
078_fibrosis_278.png,orig02112.png
194_fibrosis_303.png,orig02113.png
084_fibrosis_372.png,orig02114.png
148_fibrosis_306.png,orig02115.png
080_fibrosis_286.png,orig02116.png
065_fibrosis_318.png,orig02117.png
079_fibrosis_268.png,orig02118.png
080_fibrosis_481.png,orig02119.png
064_fibrosis_343.png,orig02120.png
148_fibrosis_276.png,orig02121.png
080_fibrosis_025.png,orig02122.png
199_fibrosis_181.png,orig02123.png
034_fibrosis_027.png,orig02124.png
082_fibrosis_038.png,orig02125.png
084_fibrosis_347.png,orig02126.png
081_fibrosis_421.png,orig02127.png
034_fibrosis_352.png,orig02128.png
079_fibrosis_037.png,orig02129.png
132_fibrosis_301.png,orig02130.png
033_fibrosis_114.png,orig02131.png
080_fibrosis_471.png,orig02132.png
136_fibrosis_267.png,orig02133.png
080_fibrosis_082.png,orig02134.png
078_fibrosis_290.png,orig02135.png
078_fibrosis_327.png,orig02136.png
033_fibrosis_139.png,orig02137.png
203_fibrosis_188.png,orig02138.png
198_fibrosis_262.png,orig02139.png
064_fibrosis_284.png,orig02140.png
034_fibrosis_089.png,orig02141.png
132_fibrosis_300.png,orig02142.png
082_fibrosis_035.png,orig02143.png
197_fibrosis_282.png,orig02144.png
136_fibrosis_297.png,orig02145.png
079_fibrosis_284.png,orig02146.png
034_fibrosis_020.png,orig02147.png
065_fibrosis_178.png,orig02148.png
080_fibrosis_103.png,orig02149.png
080_fibrosis_130.png,orig02150.png
080_fibrosis_129.png,orig02151.png
198_fibrosis_270.png,orig02152.png
064_fibrosis_292.png,orig02153.png
147_fibrosis_274.png,orig02154.png
199_fibrosis_204.png,orig02155.png
143_fibrosis_243.png,orig02156.png
071_fibrosis_288.png,orig02157.png
198_fibrosis_244.png,orig02158.png
149_fibrosis_300.png,orig02159.png
148_fibrosis_351.png,orig02160.png
143_fibrosis_262.png,orig02161.png
199_fibrosis_162.png,orig02162.png
065_fibrosis_187.png,orig02163.png
034_fibrosis_035.png,orig02164.png
081_fibrosis_393.png,orig02165.png
149_fibrosis_278.png,orig02166.png
084_fibrosis_373.png,orig02167.png
132_fibrosis_308.png,orig02168.png
081_fibrosis_420.png,orig02169.png
198_fibrosis_253.png,orig02170.png
033_fibrosis_054.png,orig02171.png
064_fibrosis_288.png,orig02172.png
034_fibrosis_370.png,orig02173.png
064_fibrosis_270.png,orig02174.png
196_fibrosis_333.png,orig02175.png
134_fibrosis_303.png,orig02176.png
199_fibrosis_195.png,orig02177.png
073_fibrosis_353.png,orig02178.png
199_fibrosis_200.png,orig02179.png
143_fibrosis_251.png,orig02180.png
132_fibrosis_311.png,orig02181.png
080_fibrosis_429.png,orig02182.png
064_fibrosis_360.png,orig02183.png
078_fibrosis_295.png,orig02184.png
136_fibrosis_290.png,orig02185.png
079_fibrosis_274.png,orig02186.png
034_fibrosis_289.png,orig02187.png
073_fibrosis_332.png,orig02188.png
140_fibrosis_271.png,orig02189.png
129_fibrosis_297.png,orig02190.png
064_fibrosis_372.png,orig02191.png
084_fibrosis_366.png,orig02192.png
081_fibrosis_214.png,orig02193.png
067_fibrosis_296.png,orig02194.png
134_fibrosis_293.png,orig02195.png
080_fibrosis_468.png,orig02196.png
194_fibrosis_334.png,orig02197.png
084_fibrosis_319.png,orig02198.png
078_fibrosis_344.png,orig02199.png
065_fibrosis_303.png,orig02200.png
073_fibrosis_335.png,orig02201.png
136_fibrosis_293.png,orig02202.png
147_fibrosis_044.png,orig02203.png
034_fibrosis_364.png,orig02204.png
192_fibrosis_271.png,orig02205.png
080_fibrosis_161.png,orig02206.png
065_fibrosis_363.png,orig02207.png
065_fibrosis_268.png,orig02208.png
069_fibrosis_046.png,orig02209.png
082_fibrosis_045.png,orig02210.png
198_fibrosis_216.png,orig02211.png
067_fibrosis_293.png,orig02212.png
034_fibrosis_260.png,orig02213.png
081_fibrosis_438.png,orig02214.png
078_fibrosis_279.png,orig02215.png
033_fibrosis_266.png,orig02216.png
072_fibrosis_127.png,orig02217.png
149_fibrosis_259.png,orig02218.png
080_fibrosis_036.png,orig02219.png
065_fibrosis_255.png,orig02220.png
193_fibrosis_213.png,orig02221.png
065_fibrosis_234.png,orig02222.png
065_fibrosis_202.png,orig02223.png
064_fibrosis_323.png,orig02224.png
079_fibrosis_309.png,orig02225.png
080_fibrosis_104.png,orig02226.png
140_fibrosis_334.png,orig02227.png
193_fibrosis_196.png,orig02228.png
080_fibrosis_482.png,orig02229.png
128_fibrosis_314.png,orig02230.png
065_fibrosis_292.png,orig02231.png
066_fibrosis_352.png,orig02232.png
081_fibrosis_413.png,orig02233.png
065_fibrosis_161.png,orig02234.png
034_fibrosis_316.png,orig02235.png
065_fibrosis_196.png,orig02236.png
080_fibrosis_084.png,orig02237.png
198_fibrosis_235.png,orig02238.png
080_fibrosis_123.png,orig02239.png
080_fibrosis_075.png,orig02240.png
143_fibrosis_294.png,orig02241.png
139_fibrosis_386.png,orig02242.png
199_fibrosis_189.png,orig02243.png
034_fibrosis_267.png,orig02244.png
148_fibrosis_243.png,orig02245.png
081_fibrosis_429.png,orig02246.png
080_fibrosis_249.png,orig02247.png
077_fibrosis_095.png,orig02248.png
078_fibrosis_343.png,orig02249.png
197_fibrosis_263.png,orig02250.png
034_fibrosis_240.png,orig02251.png
199_fibrosis_165.png,orig02252.png
075_fibrosis_326.png,orig02253.png
149_fibrosis_290.png,orig02254.png
073_fibrosis_346.png,orig02255.png
199_fibrosis_234.png,orig02256.png
148_fibrosis_298.png,orig02257.png
140_fibrosis_289.png,orig02258.png
075_fibrosis_331.png,orig02259.png
081_fibrosis_427.png,orig02260.png
080_fibrosis_284.png,orig02261.png
080_fibrosis_192.png,orig02262.png
064_fibrosis_265.png,orig02263.png
081_fibrosis_382.png,orig02264.png
147_fibrosis_040.png,orig02265.png
067_fibrosis_295.png,orig02266.png
080_fibrosis_089.png,orig02267.png
140_fibrosis_329.png,orig02268.png
071_fibrosis_281.png,orig02269.png
065_fibrosis_365.png,orig02270.png
081_fibrosis_397.png,orig02271.png
033_fibrosis_166.png,orig02272.png
196_fibrosis_326.png,orig02273.png
080_fibrosis_445.png,orig02274.png
067_fibrosis_276.png,orig02275.png
084_fibrosis_307.png,orig02276.png
067_fibrosis_273.png,orig02277.png
082_fibrosis_044.png,orig02278.png
148_fibrosis_242.png,orig02279.png
034_fibrosis_357.png,orig02280.png
193_fibrosis_214.png,orig02281.png
080_fibrosis_118.png,orig02282.png
143_fibrosis_215.png,orig02283.png
197_fibrosis_255.png,orig02284.png
143_fibrosis_290.png,orig02285.png
075_fibrosis_332.png,orig02286.png
073_fibrosis_023.png,orig02287.png
128_fibrosis_295.png,orig02288.png
081_fibrosis_233.png,orig02289.png
034_fibrosis_208.png,orig02290.png
192_fibrosis_283.png,orig02291.png
071_fibrosis_285.png,orig02292.png
034_fibrosis_042.png,orig02293.png
065_fibrosis_359.png,orig02294.png
064_fibrosis_296.png,orig02295.png
075_fibrosis_269.png,orig02296.png
034_fibrosis_128.png,orig02297.png
034_fibrosis_155.png,orig02298.png
135_fibrosis_295.png,orig02299.png
140_fibrosis_333.png,orig02300.png
147_fibrosis_035.png,orig02301.png
065_fibrosis_163.png,orig02302.png
197_fibrosis_274.png,orig02303.png
084_fibrosis_317.png,orig02304.png
071_fibrosis_276.png,orig02305.png
078_fibrosis_337.png,orig02306.png
034_fibrosis_307.png,orig02307.png
078_fibrosis_261.png,orig02308.png
198_fibrosis_285.png,orig02309.png
131_fibrosis_335.png,orig02310.png
148_fibrosis_235.png,orig02311.png
065_fibrosis_179.png,orig02312.png
143_fibrosis_250.png,orig02313.png
199_fibrosis_193.png,orig02314.png
081_fibrosis_108.png,orig02315.png
198_fibrosis_280.png,orig02316.png
065_fibrosis_273.png,orig02317.png
084_fibrosis_302.png,orig02318.png
033_fibrosis_045.png,orig02319.png
080_fibrosis_119.png,orig02320.png
071_fibrosis_277.png,orig02321.png
199_fibrosis_183.png,orig02322.png
033_fibrosis_251.png,orig02323.png
034_fibrosis_294.png,orig02324.png
147_fibrosis_043.png,orig02325.png
198_fibrosis_258.png,orig02326.png
075_fibrosis_272.png,orig02327.png
079_fibrosis_060.png,orig02328.png
143_fibrosis_260.png,orig02329.png
078_fibrosis_297.png,orig02330.png
148_fibrosis_278.png,orig02331.png
084_fibrosis_315.png,orig02332.png
073_fibrosis_343.png,orig02333.png
034_fibrosis_073.png,orig02334.png
065_fibrosis_174.png,orig02335.png
034_fibrosis_358.png,orig02336.png
079_fibrosis_021.png,orig02337.png
135_fibrosis_306.png,orig02338.png
034_fibrosis_242.png,orig02339.png
080_fibrosis_052.png,orig02340.png
064_fibrosis_168.png,orig02341.png
033_fibrosis_246.png,orig02342.png
065_fibrosis_182.png,orig02343.png
148_fibrosis_339.png,orig02344.png
128_fibrosis_288.png,orig02345.png
128_fibrosis_308.png,orig02346.png
034_fibrosis_037.png,orig02347.png
080_fibrosis_185.png,orig02348.png
034_fibrosis_353.png,orig02349.png
140_fibrosis_268.png,orig02350.png
139_fibrosis_367.png,orig02351.png
194_fibrosis_363.png,orig02352.png
136_fibrosis_260.png,orig02353.png
069_fibrosis_033.png,orig02354.png
033_fibrosis_063.png,orig02355.png
132_fibrosis_315.png,orig02356.png
132_fibrosis_289.png,orig02357.png
034_fibrosis_024.png,orig02358.png
203_fibrosis_183.png,orig02359.png
080_fibrosis_278.png,orig02360.png
135_fibrosis_300.png,orig02361.png
080_fibrosis_484.png,orig02362.png
069_fibrosis_060.png,orig02363.png
078_fibrosis_342.png,orig02364.png
129_fibrosis_303.png,orig02365.png
199_fibrosis_231.png,orig02366.png
199_fibrosis_226.png,orig02367.png
034_fibrosis_249.png,orig02368.png
080_fibrosis_048.png,orig02369.png
135_fibrosis_291.png,orig02370.png
078_fibrosis_349.png,orig02371.png
065_fibrosis_280.png,orig02372.png
034_fibrosis_269.png,orig02373.png
080_fibrosis_170.png,orig02374.png
131_fibrosis_332.png,orig02375.png
139_fibrosis_370.png,orig02376.png
080_fibrosis_068.png,orig02377.png
078_fibrosis_256.png,orig02378.png
080_fibrosis_145.png,orig02379.png
078_fibrosis_282.png,orig02380.png
143_fibrosis_226.png,orig02381.png
080_fibrosis_039.png,orig02382.png
065_fibrosis_308.png,orig02383.png
034_fibrosis_146.png,orig02384.png
081_fibrosis_058.png,orig02385.png
140_fibrosis_328.png,orig02386.png
080_fibrosis_132.png,orig02387.png
033_fibrosis_253.png,orig02388.png
075_fibrosis_323.png,orig02389.png
077_fibrosis_089.png,orig02390.png
084_fibrosis_370.png,orig02391.png
193_fibrosis_205.png,orig02392.png
192_fibrosis_265.png,orig02393.png
132_fibrosis_305.png,orig02394.png
143_fibrosis_067.png,orig02395.png
198_fibrosis_275.png,orig02396.png
065_fibrosis_235.png,orig02397.png
081_fibrosis_031.png,orig02398.png
067_fibrosis_260.png,orig02399.png
074_fibrosis_336.png,orig02400.png
148_fibrosis_369.png,orig02401.png
149_fibrosis_292.png,orig02402.png
034_fibrosis_142.png,orig02403.png
065_fibrosis_224.png,orig02404.png
147_fibrosis_021.png,orig02405.png
080_fibrosis_259.png,orig02406.png
069_fibrosis_052.png,orig02407.png
198_fibrosis_284.png,orig02408.png
084_fibrosis_323.png,orig02409.png
065_fibrosis_348.png,orig02410.png
033_fibrosis_146.png,orig02411.png
065_fibrosis_283.png,orig02412.png
197_fibrosis_275.png,orig02413.png
081_fibrosis_046.png,orig02414.png
147_fibrosis_020.png,orig02415.png
066_fibrosis_365.png,orig02416.png
199_fibrosis_215.png,orig02417.png
143_fibrosis_261.png,orig02418.png
140_fibrosis_323.png,orig02419.png
198_fibrosis_254.png,orig02420.png
080_fibrosis_134.png,orig02421.png
193_fibrosis_217.png,orig02422.png
084_fibrosis_299.png,orig02423.png
065_fibrosis_314.png,orig02424.png
194_fibrosis_082.png,orig02425.png
033_fibrosis_338.png,orig02426.png
080_fibrosis_272.png,orig02427.png
140_fibrosis_325.png,orig02428.png
034_fibrosis_278.png,orig02429.png
081_fibrosis_066.png,orig02430.png
065_fibrosis_326.png,orig02431.png
136_fibrosis_273.png,orig02432.png
065_fibrosis_371.png,orig02433.png
140_fibrosis_294.png,orig02434.png
193_fibrosis_218.png,orig02435.png
143_fibrosis_236.png,orig02436.png
081_fibrosis_225.png,orig02437.png
148_fibrosis_271.png,orig02438.png
203_fibrosis_174.png,orig02439.png
064_fibrosis_328.png,orig02440.png
081_fibrosis_426.png,orig02441.png
067_fibrosis_271.png,orig02442.png
079_fibrosis_048.png,orig02443.png
199_fibrosis_172.png,orig02444.png
077_fibrosis_122.png,orig02445.png
034_fibrosis_169.png,orig02446.png
069_fibrosis_022.png,orig02447.png
078_fibrosis_328.png,orig02448.png
065_fibrosis_300.png,orig02449.png
065_fibrosis_277.png,orig02450.png
148_fibrosis_270.png,orig02451.png
074_fibrosis_333.png,orig02452.png
067_fibrosis_318.png,orig02453.png
034_fibrosis_149.png,orig02454.png
065_fibrosis_362.png,orig02455.png
084_fibrosis_371.png,orig02456.png
198_fibrosis_273.png,orig02457.png
069_fibrosis_031.png,orig02458.png
080_fibrosis_080.png,orig02459.png
082_fibrosis_048.png,orig02460.png
196_fibrosis_334.png,orig02461.png
199_fibrosis_150.png,orig02462.png
065_fibrosis_319.png,orig02463.png
034_fibrosis_121.png,orig02464.png
081_fibrosis_408.png,orig02465.png
080_fibrosis_147.png,orig02466.png
080_fibrosis_431.png,orig02467.png
067_fibrosis_177.png,orig02468.png
069_fibrosis_038.png,orig02469.png
129_fibrosis_298.png,orig02470.png
140_fibrosis_297.png,orig02471.png
193_fibrosis_207.png,orig02472.png
080_fibrosis_275.png,orig02473.png
034_fibrosis_345.png,orig02474.png
079_fibrosis_031.png,orig02475.png
081_fibrosis_087.png,orig02476.png
194_fibrosis_300.png,orig02477.png
080_fibrosis_478.png,orig02478.png
193_fibrosis_210.png,orig02479.png
034_fibrosis_291.png,orig02480.png
064_fibrosis_273.png,orig02481.png
128_fibrosis_024.png,orig02482.png
069_fibrosis_049.png,orig02483.png
080_fibrosis_085.png,orig02484.png
065_fibrosis_317.png,orig02485.png
065_fibrosis_329.png,orig02486.png
140_fibrosis_269.png,orig02487.png
034_fibrosis_346.png,orig02488.png
140_fibrosis_309.png,orig02489.png
073_fibrosis_364.png,orig02490.png
080_fibrosis_266.png,orig02491.png
080_fibrosis_441.png,orig02492.png
065_fibrosis_157.png,orig02493.png
079_fibrosis_050.png,orig02494.png
084_fibrosis_369.png,orig02495.png
067_fibrosis_286.png,orig02496.png
080_fibrosis_194.png,orig02497.png
196_fibrosis_325.png,orig02498.png
079_fibrosis_051.png,orig02499.png
033_fibrosis_132.png,orig02500.png
069_fibrosis_059.png,orig02501.png
134_fibrosis_289.png,orig02502.png
064_fibrosis_261.png,orig02503.png
135_fibrosis_292.png,orig02504.png
064_fibrosis_366.png,orig02505.png
148_fibrosis_283.png,orig02506.png
197_fibrosis_259.png,orig02507.png
192_fibrosis_276.png,orig02508.png
084_fibrosis_314.png,orig02509.png
081_fibrosis_075.png,orig02510.png
073_fibrosis_027.png,orig02511.png
194_fibrosis_353.png,orig02512.png
079_fibrosis_276.png,orig02513.png
081_fibrosis_037.png,orig02514.png
199_fibrosis_213.png,orig02515.png
128_fibrosis_302.png,orig02516.png
080_fibrosis_029.png,orig02517.png
194_fibrosis_349.png,orig02518.png
034_fibrosis_167.png,orig02519.png
199_fibrosis_233.png,orig02520.png
140_fibrosis_292.png,orig02521.png
066_fibrosis_360.png,orig02522.png
065_fibrosis_256.png,orig02523.png
199_fibrosis_129.png,orig02524.png
078_fibrosis_263.png,orig02525.png
034_fibrosis_096.png,orig02526.png
081_fibrosis_394.png,orig02527.png
077_fibrosis_120.png,orig02528.png
077_fibrosis_092.png,orig02529.png
065_fibrosis_279.png,orig02530.png
084_fibrosis_324.png,orig02531.png
129_fibrosis_305.png,orig02532.png
194_fibrosis_362.png,orig02533.png
127_fibrosis_386.png,orig02534.png
078_fibrosis_347.png,orig02535.png
080_fibrosis_144.png,orig02536.png
148_fibrosis_363.png,orig02537.png
033_fibrosis_183.png,orig02538.png
077_fibrosis_080.png,orig02539.png
081_fibrosis_235.png,orig02540.png
080_fibrosis_451.png,orig02541.png
065_fibrosis_248.png,orig02542.png
147_fibrosis_041.png,orig02543.png
033_fibrosis_120.png,orig02544.png
198_fibrosis_263.png,orig02545.png
078_fibrosis_340.png,orig02546.png
135_fibrosis_303.png,orig02547.png
065_fibrosis_258.png,orig02548.png
033_fibrosis_203.png,orig02549.png
077_fibrosis_126.png,orig02550.png
148_fibrosis_354.png,orig02551.png
194_fibrosis_263.png,orig02552.png
078_fibrosis_329.png,orig02553.png
064_fibrosis_346.png,orig02554.png
064_fibrosis_370.png,orig02555.png
081_fibrosis_079.png,orig02556.png
081_fibrosis_109.png,orig02557.png
148_fibrosis_362.png,orig02558.png
073_fibrosis_354.png,orig02559.png
194_fibrosis_361.png,orig02560.png
194_fibrosis_308.png,orig02561.png
080_fibrosis_458.png,orig02562.png
081_fibrosis_083.png,orig02563.png
080_fibrosis_065.png,orig02564.png
194_fibrosis_331.png,orig02565.png
081_fibrosis_207.png,orig02566.png
080_fibrosis_108.png,orig02567.png
148_fibrosis_299.png,orig02568.png
080_fibrosis_098.png,orig02569.png
065_fibrosis_276.png,orig02570.png
082_fibrosis_033.png,orig02571.png
033_fibrosis_111.png,orig02572.png
132_fibrosis_317.png,orig02573.png
135_fibrosis_296.png,orig02574.png
064_fibrosis_348.png,orig02575.png
148_fibrosis_355.png,orig02576.png
147_fibrosis_292.png,orig02577.png
078_fibrosis_022.png,orig02578.png
136_fibrosis_270.png,orig02579.png
148_fibrosis_310.png,orig02580.png
198_fibrosis_274.png,orig02581.png
065_fibrosis_215.png,orig02582.png
128_fibrosis_296.png,orig02583.png
065_fibrosis_172.png,orig02584.png
065_fibrosis_226.png,orig02585.png
034_fibrosis_296.png,orig02586.png
067_fibrosis_284.png,orig02587.png
064_fibrosis_330.png,orig02588.png
084_fibrosis_338.png,orig02589.png
081_fibrosis_399.png,orig02590.png
034_fibrosis_264.png,orig02591.png
081_fibrosis_437.png,orig02592.png
149_fibrosis_306.png,orig02593.png
198_fibrosis_238.png,orig02594.png
073_fibrosis_030.png,orig02595.png
148_fibrosis_349.png,orig02596.png
148_fibrosis_365.png,orig02597.png
064_fibrosis_339.png,orig02598.png
064_fibrosis_277.png,orig02599.png
065_fibrosis_171.png,orig02600.png
148_fibrosis_229.png,orig02601.png
072_fibrosis_287.png,orig02602.png
033_fibrosis_040.png,orig02603.png
148_fibrosis_239.png,orig02604.png
065_fibrosis_249.png,orig02605.png
194_fibrosis_327.png,orig02606.png
140_fibrosis_300.png,orig02607.png
065_fibrosis_183.png,orig02608.png
067_fibrosis_283.png,orig02609.png
034_fibrosis_082.png,orig02610.png
080_fibrosis_283.png,orig02611.png
135_fibrosis_281.png,orig02612.png
084_fibrosis_269.png,orig02613.png
073_fibrosis_336.png,orig02614.png
084_fibrosis_312.png,orig02615.png
198_fibrosis_281.png,orig02616.png
149_fibrosis_308.png,orig02617.png
080_fibrosis_120.png,orig02618.png
078_fibrosis_264.png,orig02619.png
193_fibrosis_216.png,orig02620.png
081_fibrosis_378.png,orig02621.png
073_fibrosis_333.png,orig02622.png
078_fibrosis_339.png,orig02623.png
033_fibrosis_346.png,orig02624.png
065_fibrosis_236.png,orig02625.png
194_fibrosis_354.png,orig02626.png
143_fibrosis_230.png,orig02627.png
064_fibrosis_256.png,orig02628.png
134_fibrosis_300.png,orig02629.png
135_fibrosis_297.png,orig02630.png
065_fibrosis_275.png,orig02631.png
080_fibrosis_183.png,orig02632.png
129_fibrosis_301.png,orig02633.png
065_fibrosis_285.png,orig02634.png
065_fibrosis_242.png,orig02635.png
065_fibrosis_299.png,orig02636.png
081_fibrosis_076.png,orig02637.png
199_fibrosis_175.png,orig02638.png
078_fibrosis_293.png,orig02639.png
081_fibrosis_411.png,orig02640.png
143_fibrosis_246.png,orig02641.png
194_fibrosis_306.png,orig02642.png
084_fibrosis_332.png,orig02643.png
077_fibrosis_085.png,orig02644.png
194_fibrosis_364.png,orig02645.png
128_fibrosis_026.png,orig02646.png
080_fibrosis_139.png,orig02647.png
080_fibrosis_066.png,orig02648.png
147_fibrosis_294.png,orig02649.png
065_fibrosis_257.png,orig02650.png
143_fibrosis_227.png,orig02651.png
080_fibrosis_265.png,orig02652.png
081_fibrosis_020.png,orig02653.png
064_fibrosis_272.png,orig02654.png
080_fibrosis_175.png,orig02655.png
140_fibrosis_280.png,orig02656.png
033_fibrosis_082.png,orig02657.png
132_fibrosis_304.png,orig02658.png
069_fibrosis_036.png,orig02659.png
147_fibrosis_293.png,orig02660.png
132_fibrosis_316.png,orig02661.png
081_fibrosis_027.png,orig02662.png
033_fibrosis_189.png,orig02663.png
132_fibrosis_313.png,orig02664.png
034_fibrosis_298.png,orig02665.png
139_fibrosis_394.png,orig02666.png
080_fibrosis_116.png,orig02667.png
203_fibrosis_193.png,orig02668.png
080_fibrosis_037.png,orig02669.png
198_fibrosis_279.png,orig02670.png
148_fibrosis_357.png,orig02671.png
194_fibrosis_320.png,orig02672.png
075_fibrosis_266.png,orig02673.png
081_fibrosis_219.png,orig02674.png
073_fibrosis_366.png,orig02675.png
077_fibrosis_087.png,orig02676.png
073_fibrosis_359.png,orig02677.png
080_fibrosis_460.png,orig02678.png
132_fibrosis_327.png,orig02679.png
143_fibrosis_238.png,orig02680.png
033_fibrosis_290.png,orig02681.png
079_fibrosis_030.png,orig02682.png
064_fibrosis_363.png,orig02683.png
136_fibrosis_294.png,orig02684.png
078_fibrosis_336.png,orig02685.png
203_fibrosis_176.png,orig02686.png
080_fibrosis_159.png,orig02687.png
064_fibrosis_271.png,orig02688.png
034_fibrosis_255.png,orig02689.png
081_fibrosis_407.png,orig02690.png
