Case,ID,size,pixel_num_lung,pixel_num_fibrosis
033,033_fibrosis_020,256,8211,3500
033,033_fibrosis_022,256,9258,3916
033,033_fibrosis_024,256,9987,4120
033,033_fibrosis_026,256,11049,4308
033,033_fibrosis_027,256,11304,4244
033,033_fibrosis_029,256,12243,4716
033,033_fibrosis_031,256,12990,4748
033,033_fibrosis_034,256,14505,5580
033,033_fibrosis_035,256,15096,5620
033,033_fibrosis_037,256,15948,4788
033,033_fibrosis_039,256,16851,6104
033,033_fibrosis_041,256,17931,6624
033,033_fibrosis_042,256,18672,6592
033,033_fibrosis_044,256,19725,5648
033,033_fibrosis_046,256,20775,7704
033,033_fibrosis_048,256,21693,8040
033,033_fibrosis_050,256,22956,8468
033,033_fibrosis_051,256,23406,8444
033,033_fibrosis_053,256,24333,8296
033,033_fibrosis_055,256,25278,8352
033,033_fibrosis_057,256,26241,10040
033,033_fibrosis_059,256,27186,7320
033,033_fibrosis_060,256,27807,7744
033,033_fibrosis_062,256,28665,9944
033,033_fibrosis_064,256,29613,7028
033,033_fibrosis_066,256,30429,7304
033,033_fibrosis_067,256,30960,7472
033,033_fibrosis_069,256,32022,10368
033,033_fibrosis_071,256,33438,10748
033,033_fibrosis_073,256,34938,11268
033,033_fibrosis_075,256,35688,12204
033,033_fibrosis_076,256,35958,11068
033,033_fibrosis_078,256,37203,8112
033,033_fibrosis_079,256,37743,12732
033,033_fibrosis_081,256,38766,5216
033,033_fibrosis_083,256,40164,7540
033,033_fibrosis_085,256,41262,9904
033,033_fibrosis_086,256,41754,13576
033,033_fibrosis_088,256,43305,15344
033,033_fibrosis_090,256,44562,10804
033,033_fibrosis_092,256,46020,14392
033,033_fibrosis_094,256,47829,15484
033,033_fibrosis_095,256,48435,15588
033,033_fibrosis_097,256,50220,16848
033,033_fibrosis_099,256,52257,16608
033,033_fibrosis_101,256,53358,14608
033,033_fibrosis_103,256,55194,18784
033,033_fibrosis_104,256,55920,13744
033,033_fibrosis_106,256,57096,20084
033,033_fibrosis_108,256,59244,20900
033,033_fibrosis_110,256,60591,21324
033,033_fibrosis_112,256,62295,22004
033,033_fibrosis_113,256,62487,22068
033,033_fibrosis_115,256,65187,22268
033,033_fibrosis_117,256,66819,22060
033,033_fibrosis_119,256,70179,20880
033,033_fibrosis_121,256,73905,24424
033,033_fibrosis_122,256,75903,24332
033,033_fibrosis_124,256,78369,20160
033,033_fibrosis_125,256,79929,18716
033,033_fibrosis_127,256,83415,15792
033,033_fibrosis_129,256,86979,19184
033,033_fibrosis_131,256,89964,16096
033,033_fibrosis_133,256,90174,19780
033,033_fibrosis_134,256,90132,21712
033,033_fibrosis_136,256,90291,30896
033,033_fibrosis_138,256,90951,27076
033,033_fibrosis_140,256,92022,27640
033,033_fibrosis_142,256,92922,27840
033,033_fibrosis_143,256,93051,27596
033,033_fibrosis_144,256,93105,27372
033,033_fibrosis_145,256,93048,24812
033,033_fibrosis_147,256,95091,21872
033,033_fibrosis_149,256,97302,19220
033,033_fibrosis_151,256,100221,28676
033,033_fibrosis_152,256,101400,16968
033,033_fibrosis_154,256,101490,17440
033,033_fibrosis_156,256,101553,27284
033,033_fibrosis_158,256,101559,24776
033,033_fibrosis_160,256,101352,22980
033,033_fibrosis_161,256,101121,23520
033,033_fibrosis_163,256,101544,21884
033,033_fibrosis_165,256,101709,22336
033,033_fibrosis_167,256,101952,24108
033,033_fibrosis_168,256,102186,24168
033,033_fibrosis_170,256,102456,21548
033,033_fibrosis_171,256,102396,0
033,033_fibrosis_172,256,102243,22360
033,033_fibrosis_174,256,102078,21728
033,033_fibrosis_175,256,102069,20108
033,033_fibrosis_177,256,102486,19576
033,033_fibrosis_179,256,101889,19348
033,033_fibrosis_180,256,101853,21288
033,033_fibrosis_182,256,101232,21528
033,033_fibrosis_184,256,101025,23040
033,033_fibrosis_185,256,101052,0
033,033_fibrosis_186,256,100443,23048
033,033_fibrosis_188,256,99939,20312
033,033_fibrosis_190,256,99918,20496
033,033_fibrosis_192,256,99333,21248
033,033_fibrosis_193,256,99231,19352
033,033_fibrosis_195,256,99042,21124
033,033_fibrosis_197,256,98589,18944
033,033_fibrosis_199,256,98226,19772
033,033_fibrosis_200,256,98007,24332
033,033_fibrosis_202,256,97857,20452
033,033_fibrosis_204,256,97311,24148
033,033_fibrosis_206,256,97107,19244
033,033_fibrosis_207,256,96864,18224
033,033_fibrosis_209,256,96543,19208
033,033_fibrosis_211,256,96030,19636
033,033_fibrosis_212,256,95448,22184
033,033_fibrosis_213,256,95175,21432
033,033_fibrosis_214,256,95124,0
033,033_fibrosis_215,256,94806,6328
033,033_fibrosis_216,256,94542,20184
033,033_fibrosis_218,256,93612,18632
033,033_fibrosis_220,256,93147,18600
033,033_fibrosis_221,256,92901,24
033,033_fibrosis_222,256,92358,16352
033,033_fibrosis_223,256,91956,6712
033,033_fibrosis_224,256,91455,0
033,033_fibrosis_225,256,91761,13648
033,033_fibrosis_226,256,91926,10032
033,033_fibrosis_227,256,92175,9132
033,033_fibrosis_228,256,91995,7772
033,033_fibrosis_229,256,91614,10460
033,033_fibrosis_230,256,91740,11404
033,033_fibrosis_231,256,91809,11288
033,033_fibrosis_232,256,91971,2068
033,033_fibrosis_233,256,91836,15224
033,033_fibrosis_235,256,91047,14704
033,033_fibrosis_236,256,90558,8680
033,033_fibrosis_237,256,90234,13372
033,033_fibrosis_238,256,89952,14720
033,033_fibrosis_239,256,89826,13208
033,033_fibrosis_240,256,89286,13388
033,033_fibrosis_241,256,89271,17080
033,033_fibrosis_242,256,89097,18312
033,033_fibrosis_243,256,88962,14276
033,033_fibrosis_245,256,88083,12320
033,033_fibrosis_247,256,87429,13072
033,033_fibrosis_248,256,87345,17016
033,033_fibrosis_249,256,87078,10784
033,033_fibrosis_250,256,86415,12560
033,033_fibrosis_252,256,85935,19228
033,033_fibrosis_254,256,85458,20732
033,033_fibrosis_255,256,85293,17300
033,033_fibrosis_256,256,85032,9712
033,033_fibrosis_257,256,84432,11148
033,033_fibrosis_258,256,84072,15636
033,033_fibrosis_259,256,83673,17768
033,033_fibrosis_260,256,82989,17564
033,033_fibrosis_261,256,82404,16384
033,033_fibrosis_262,256,81924,14432
033,033_fibrosis_263,256,81510,16060
033,033_fibrosis_265,256,81102,16868
033,033_fibrosis_267,256,79839,16848
033,033_fibrosis_268,256,79311,16688
033,033_fibrosis_269,256,78963,14624
033,033_fibrosis_270,256,78261,9400
033,033_fibrosis_271,256,77190,14488
033,033_fibrosis_272,256,76497,14964
033,033_fibrosis_274,256,75258,13768
033,033_fibrosis_275,256,74637,14420
033,033_fibrosis_276,256,74094,14796
033,033_fibrosis_277,256,73383,13996
033,033_fibrosis_278,256,72849,14956
033,033_fibrosis_279,256,72159,13348
033,033_fibrosis_280,256,71739,0
033,033_fibrosis_281,256,71289,13496
033,033_fibrosis_282,256,70530,12940
033,033_fibrosis_284,256,69507,12736
033,033_fibrosis_286,256,68268,14520
033,033_fibrosis_287,256,67488,13216
033,033_fibrosis_289,256,66324,14012
033,033_fibrosis_291,256,64794,4332
033,033_fibrosis_292,256,63900,48
033,033_fibrosis_293,256,63078,1180
033,033_fibrosis_294,256,62196,7032
033,033_fibrosis_295,256,61161,8256
033,033_fibrosis_296,256,60126,56
033,033_fibrosis_297,256,59496,9192
033,033_fibrosis_298,256,58728,256
033,033_fibrosis_299,256,57759,0
033,033_fibrosis_300,256,57075,104
033,033_fibrosis_301,256,56262,2248
033,033_fibrosis_302,256,55236,5864
033,033_fibrosis_303,256,54444,7368
033,033_fibrosis_304,256,53637,8124
033,033_fibrosis_305,256,52569,7780
033,033_fibrosis_306,256,51795,7656
033,033_fibrosis_307,256,50808,7632
033,033_fibrosis_308,256,49884,7196
033,033_fibrosis_309,256,48876,7312
033,033_fibrosis_310,256,48141,6496
033,033_fibrosis_311,256,47199,7032
033,033_fibrosis_312,256,46230,6280
033,033_fibrosis_313,256,45429,7092
033,033_fibrosis_314,256,44661,6180
033,033_fibrosis_315,256,43911,6396
033,033_fibrosis_316,256,43053,6440
033,033_fibrosis_317,256,42387,6436
033,033_fibrosis_318,256,41553,5668
033,033_fibrosis_319,256,40707,5080
033,033_fibrosis_320,256,39954,5756
033,033_fibrosis_321,256,39033,4848
033,033_fibrosis_322,256,38136,4568
033,033_fibrosis_323,256,37236,2700
033,033_fibrosis_324,256,36312,4068
033,033_fibrosis_325,256,35463,3068
033,033_fibrosis_326,256,34587,3096
033,033_fibrosis_327,256,33705,2216
033,033_fibrosis_328,256,32874,2056
033,033_fibrosis_329,256,32067,1664
033,033_fibrosis_331,256,30330,2156
033,033_fibrosis_333,256,28461,1548
033,033_fibrosis_334,256,27399,1360
033,033_fibrosis_336,256,25707,896
033,033_fibrosis_340,256,22164,472
033,033_fibrosis_341,256,21216,0
064,064_fibrosis_020,256,3192,1756
064,064_fibrosis_021,256,3399,1896
064,064_fibrosis_022,256,3735,2144
064,064_fibrosis_023,256,4020,2296
064,064_fibrosis_024,256,4269,2908
064,064_fibrosis_025,256,4692,3064
064,064_fibrosis_026,256,5091,3056
064,064_fibrosis_027,256,5652,3264
064,064_fibrosis_028,256,6030,3496
064,064_fibrosis_029,256,6453,3564
064,064_fibrosis_030,256,6714,3732
064,064_fibrosis_031,256,7128,3952
064,064_fibrosis_032,256,7464,3932
064,064_fibrosis_033,256,7956,4336
064,064_fibrosis_034,256,8472,4480
064,064_fibrosis_035,256,9321,4860
064,064_fibrosis_036,256,9753,5180
064,064_fibrosis_037,256,10473,5236
064,064_fibrosis_038,256,10995,5484
064,064_fibrosis_039,256,11349,5580
064,064_fibrosis_040,256,12054,5904
064,064_fibrosis_041,256,12534,6164
064,064_fibrosis_042,256,13020,6456
064,064_fibrosis_043,256,13821,6660
064,064_fibrosis_044,256,14241,6744
064,064_fibrosis_045,256,15204,6304
064,064_fibrosis_046,256,15906,6468
064,064_fibrosis_047,256,16764,6752
064,064_fibrosis_048,256,17535,6988
064,064_fibrosis_049,256,18174,8252
064,064_fibrosis_050,256,19008,7724
064,064_fibrosis_051,256,19983,7684
064,064_fibrosis_052,256,20880,7960
064,064_fibrosis_053,256,21768,8224
064,064_fibrosis_054,256,22572,8568
064,064_fibrosis_055,256,23286,8900
064,064_fibrosis_056,256,23997,9040
064,064_fibrosis_057,256,24861,9184
064,064_fibrosis_058,256,25704,9308
064,064_fibrosis_059,256,26781,9784
064,064_fibrosis_060,256,27774,10012
064,064_fibrosis_061,256,28665,10176
064,064_fibrosis_062,256,29985,11084
064,064_fibrosis_063,256,31020,11068
064,064_fibrosis_064,256,32361,11324
064,064_fibrosis_065,256,33687,11648
064,064_fibrosis_066,256,35136,12020
064,064_fibrosis_067,256,36585,12204
064,064_fibrosis_068,256,38169,12684
064,064_fibrosis_069,256,39759,12636
064,064_fibrosis_070,256,40965,12428
064,064_fibrosis_071,256,42579,12820
064,064_fibrosis_072,256,43914,12996
064,064_fibrosis_073,256,45330,13760
064,064_fibrosis_074,256,47250,14052
064,064_fibrosis_075,256,48672,14180
064,064_fibrosis_076,256,50370,14480
064,064_fibrosis_077,256,51915,14900
064,064_fibrosis_078,256,53856,14768
064,064_fibrosis_079,256,55827,13820
064,064_fibrosis_080,256,57495,13736
064,064_fibrosis_081,256,59451,13680
064,064_fibrosis_082,256,61458,13608
064,064_fibrosis_083,256,63480,13924
064,064_fibrosis_084,256,65421,14444
064,064_fibrosis_085,256,67593,15116
064,064_fibrosis_086,256,69417,15048
064,064_fibrosis_087,256,71271,15204
064,064_fibrosis_088,256,73284,16008
064,064_fibrosis_089,256,75162,16160
064,064_fibrosis_090,256,77505,16108
064,064_fibrosis_091,256,79827,16200
064,064_fibrosis_092,256,81570,15888
064,064_fibrosis_093,256,83529,16348
064,064_fibrosis_094,256,85605,16384
064,064_fibrosis_095,256,87531,16316
064,064_fibrosis_096,256,89460,16740
064,064_fibrosis_097,256,92037,17876
064,064_fibrosis_098,256,94080,18120
064,064_fibrosis_099,256,95868,17828
064,064_fibrosis_100,256,96492,20164
064,064_fibrosis_101,256,96987,15312
064,064_fibrosis_102,256,97116,12892
064,064_fibrosis_103,256,97242,12924
064,064_fibrosis_104,256,97698,13396
064,064_fibrosis_105,256,98292,12724
064,064_fibrosis_106,256,99117,12864
064,064_fibrosis_107,256,99840,13332
064,064_fibrosis_108,256,100800,14184
064,064_fibrosis_109,256,102159,14036
064,064_fibrosis_110,256,102906,13952
064,064_fibrosis_111,256,103896,13212
064,064_fibrosis_112,256,104337,12464
064,064_fibrosis_113,256,104727,11732
064,064_fibrosis_114,256,104982,10660
064,064_fibrosis_115,256,105300,10708
064,064_fibrosis_116,256,105087,10908
064,064_fibrosis_117,256,104895,11368
064,064_fibrosis_118,256,104835,11384
064,064_fibrosis_119,256,104922,11428
064,064_fibrosis_120,256,104901,10988
064,064_fibrosis_121,256,105093,11024
064,064_fibrosis_122,256,105078,11240
064,064_fibrosis_123,256,105069,10372
064,064_fibrosis_124,256,104973,9888
064,064_fibrosis_125,256,104991,9076
064,064_fibrosis_126,256,104982,9744
064,064_fibrosis_127,256,104760,9284
064,064_fibrosis_128,256,104949,8364
064,064_fibrosis_129,256,104931,7632
064,064_fibrosis_130,256,105027,8172
064,064_fibrosis_131,256,105111,7440
064,064_fibrosis_132,256,105141,6820
064,064_fibrosis_133,256,105282,6712
064,064_fibrosis_134,256,105411,6820
064,064_fibrosis_135,256,105435,5924
064,064_fibrosis_136,256,105720,5180
064,064_fibrosis_137,256,105849,3288
064,064_fibrosis_138,256,106089,3884
064,064_fibrosis_139,256,106098,4376
064,064_fibrosis_140,256,106206,3568
064,064_fibrosis_141,256,106491,1432
064,064_fibrosis_142,256,106656,1408
064,064_fibrosis_143,256,106842,1480
064,064_fibrosis_144,256,107031,1568
064,064_fibrosis_145,256,107370,1712
064,064_fibrosis_146,256,107343,1588
064,064_fibrosis_147,256,107604,1448
064,064_fibrosis_148,256,107784,1500
064,064_fibrosis_149,256,107649,1364
064,064_fibrosis_150,256,107730,1508
064,064_fibrosis_151,256,107724,1224
064,064_fibrosis_152,256,107778,1672
064,064_fibrosis_153,256,107496,1208
064,064_fibrosis_154,256,107358,1312
064,064_fibrosis_155,256,107142,1364
064,064_fibrosis_156,256,107169,1956
064,064_fibrosis_157,256,107007,1940
064,064_fibrosis_158,256,106725,1812
064,064_fibrosis_159,256,106338,1944
064,064_fibrosis_160,256,106098,1788
064,064_fibrosis_161,256,105897,2072
064,064_fibrosis_162,256,105843,2120
064,064_fibrosis_163,256,105840,1892
064,064_fibrosis_164,256,105822,1720
064,064_fibrosis_165,256,105873,1700
064,064_fibrosis_166,256,105873,1824
064,064_fibrosis_167,256,105774,1748
064,064_fibrosis_169,256,106038,1660
064,064_fibrosis_170,256,106053,1776
064,064_fibrosis_171,256,106161,1764
064,064_fibrosis_172,256,105957,1700
064,064_fibrosis_173,256,106032,1816
064,064_fibrosis_174,256,105909,3460
064,064_fibrosis_175,256,105774,3492
064,064_fibrosis_176,256,105825,3496
064,064_fibrosis_177,256,105864,3480
064,064_fibrosis_178,256,105549,3844
064,064_fibrosis_179,256,105228,4488
064,064_fibrosis_180,256,105030,4824
064,064_fibrosis_181,256,105111,4868
064,064_fibrosis_182,256,105030,4804
064,064_fibrosis_183,256,104730,4580
064,064_fibrosis_184,256,104343,5000
064,064_fibrosis_185,256,104388,5440
064,064_fibrosis_186,256,104283,5272
064,064_fibrosis_187,256,103872,4744
064,064_fibrosis_188,256,102360,4580
064,064_fibrosis_189,256,102231,5284
064,064_fibrosis_190,256,102087,6584
064,064_fibrosis_191,256,102315,7128
064,064_fibrosis_192,256,102222,7008
064,064_fibrosis_193,256,102435,5968
064,064_fibrosis_194,256,102504,5612
064,064_fibrosis_195,256,102030,5740
064,064_fibrosis_196,256,101811,5292
064,064_fibrosis_197,256,101844,4880
064,064_fibrosis_198,256,102102,4820
064,064_fibrosis_199,256,102192,4316
064,064_fibrosis_200,256,102324,3892
064,064_fibrosis_201,256,102024,3708
064,064_fibrosis_202,256,101883,4192
064,064_fibrosis_203,256,101832,3352
064,064_fibrosis_204,256,101967,3600
064,064_fibrosis_205,256,101310,3528
064,064_fibrosis_206,256,100959,3676
064,064_fibrosis_207,256,100749,3780
064,064_fibrosis_208,256,100440,4216
064,064_fibrosis_209,256,100350,4800
064,064_fibrosis_210,256,100359,5164
064,064_fibrosis_211,256,100266,5484
064,064_fibrosis_212,256,99864,5548
064,064_fibrosis_213,256,99411,5492
064,064_fibrosis_214,256,99378,5600
064,064_fibrosis_215,256,98967,5460
064,064_fibrosis_216,256,98529,5176
064,064_fibrosis_217,256,98595,5212
064,064_fibrosis_218,256,98625,7192
064,064_fibrosis_219,256,98415,7852
064,064_fibrosis_220,256,98274,7812
064,064_fibrosis_221,256,98100,7764
064,064_fibrosis_222,256,97866,7164
064,064_fibrosis_223,256,97644,6424
064,064_fibrosis_224,256,97938,4792
064,064_fibrosis_225,256,97827,5288
064,064_fibrosis_226,256,98016,5800
064,064_fibrosis_227,256,97965,6304
064,064_fibrosis_228,256,97590,8044
064,064_fibrosis_229,256,97428,7936
064,064_fibrosis_230,256,97683,8392
064,064_fibrosis_231,256,97737,6916
064,064_fibrosis_232,256,97692,6372
064,064_fibrosis_233,256,97689,5880
064,064_fibrosis_234,256,97281,5464
064,064_fibrosis_235,256,97143,5524
064,064_fibrosis_236,256,96984,5996
064,064_fibrosis_237,256,96651,6224
064,064_fibrosis_238,256,96663,6232
064,064_fibrosis_239,256,96546,6040
064,064_fibrosis_240,256,96222,7340
064,064_fibrosis_241,256,95997,7112
064,064_fibrosis_242,256,95745,5708
064,064_fibrosis_243,256,95568,6340
064,064_fibrosis_244,256,95484,6132
064,064_fibrosis_245,256,95259,4512
064,064_fibrosis_246,256,94950,3516
064,064_fibrosis_247,256,94743,3292
064,064_fibrosis_248,256,94524,3016
064,064_fibrosis_249,256,94275,2720
064,064_fibrosis_250,256,94053,2532
064,064_fibrosis_251,256,93939,2208
064,064_fibrosis_252,256,93630,2152
064,064_fibrosis_253,256,93177,1964
064,064_fibrosis_274,256,90234,92
064,064_fibrosis_276,256,89691,76
064,064_fibrosis_278,256,89154,96
064,064_fibrosis_298,256,79932,2656
064,064_fibrosis_299,256,79674,3000
064,064_fibrosis_300,256,79104,2588
064,064_fibrosis_301,256,78531,2696
064,064_fibrosis_302,256,77904,2612
064,064_fibrosis_303,256,77424,2384
064,064_fibrosis_304,256,77115,1316
064,064_fibrosis_305,256,76344,1472
064,064_fibrosis_306,256,75738,1504
064,064_fibrosis_307,256,75372,1332
064,064_fibrosis_308,256,74565,1184
064,064_fibrosis_309,256,73896,1108
064,064_fibrosis_310,256,73296,1352
064,064_fibrosis_311,256,72837,1668
064,064_fibrosis_312,256,72300,1716
064,064_fibrosis_313,256,71535,1260
064,064_fibrosis_314,256,70995,2404
064,064_fibrosis_315,256,70551,1204
064,064_fibrosis_316,256,69786,1092
064,064_fibrosis_317,256,69453,1784
064,064_fibrosis_318,256,68664,1728
064,064_fibrosis_319,256,68046,1880
064,064_fibrosis_335,256,54579,2424
064,064_fibrosis_336,256,53760,2316
065,065_fibrosis_020,256,3426,2400
065,065_fibrosis_021,256,3882,2512
065,065_fibrosis_022,256,4092,2416
065,065_fibrosis_023,256,4671,2672
065,065_fibrosis_024,256,5097,2784
065,065_fibrosis_025,256,5553,3140
065,065_fibrosis_026,256,6357,3280
065,065_fibrosis_027,256,6864,3348
065,065_fibrosis_028,256,7296,3604
065,065_fibrosis_029,256,7755,3692
065,065_fibrosis_030,256,8205,3876
065,065_fibrosis_031,256,8721,4132
065,065_fibrosis_032,256,9180,4348
065,065_fibrosis_033,256,9771,4572
065,065_fibrosis_034,256,10734,5356
065,065_fibrosis_035,256,11526,5788
065,065_fibrosis_036,256,12261,6028
065,065_fibrosis_037,256,12948,6488
065,065_fibrosis_038,256,13854,6792
065,065_fibrosis_039,256,14466,7040
065,065_fibrosis_040,256,15405,7328
065,065_fibrosis_041,256,16371,7896
065,065_fibrosis_042,256,17553,8116
065,065_fibrosis_043,256,18657,8360
065,065_fibrosis_044,256,19767,8748
065,065_fibrosis_045,256,20889,8996
065,065_fibrosis_046,256,22125,10000
065,065_fibrosis_047,256,23268,10392
065,065_fibrosis_048,256,24231,10656
065,065_fibrosis_049,256,25488,10992
065,065_fibrosis_050,256,26697,11332
065,065_fibrosis_051,256,27810,11964
065,065_fibrosis_052,256,29301,12336
065,065_fibrosis_053,256,30699,12804
065,065_fibrosis_054,256,32013,13344
065,065_fibrosis_055,256,33669,13756
065,065_fibrosis_056,256,35634,14356
065,065_fibrosis_057,256,38139,15484
065,065_fibrosis_058,256,39540,15944
065,065_fibrosis_059,256,41259,16652
065,065_fibrosis_060,256,43002,17068
065,065_fibrosis_061,256,44736,15596
065,065_fibrosis_062,256,46449,13556
065,065_fibrosis_063,256,48543,13612
065,065_fibrosis_064,256,50658,13604
065,065_fibrosis_065,256,52395,12544
065,065_fibrosis_066,256,54222,13188
065,065_fibrosis_067,256,56349,13216
065,065_fibrosis_068,256,59016,12200
065,065_fibrosis_069,256,61452,12556
065,065_fibrosis_070,256,63600,13232
065,065_fibrosis_071,256,65841,13644
065,065_fibrosis_072,256,67836,13684
065,065_fibrosis_073,256,70623,13764
065,065_fibrosis_074,256,73281,14848
065,065_fibrosis_075,256,75639,15080
065,065_fibrosis_076,256,78126,15480
065,065_fibrosis_077,256,80220,14580
065,065_fibrosis_078,256,82521,14156
065,065_fibrosis_079,256,85233,13656
065,065_fibrosis_080,256,86937,13836
065,065_fibrosis_081,256,89829,12900
065,065_fibrosis_082,256,92187,12612
065,065_fibrosis_083,256,93927,12464
065,065_fibrosis_084,256,94821,13300
065,065_fibrosis_085,256,95676,13984
065,065_fibrosis_087,256,97572,13952
065,065_fibrosis_088,256,98616,13228
065,065_fibrosis_089,256,99675,13288
065,065_fibrosis_090,256,100866,13432
065,065_fibrosis_091,256,101916,11816
065,065_fibrosis_092,256,102786,11840
065,065_fibrosis_093,256,103764,12204
065,065_fibrosis_094,256,104796,11036
065,065_fibrosis_095,256,106014,11020
065,065_fibrosis_096,256,107112,10692
065,065_fibrosis_097,256,108402,10412
065,065_fibrosis_098,256,110184,11240
065,065_fibrosis_099,256,111144,11104
065,065_fibrosis_100,256,112071,10236
065,065_fibrosis_101,256,112890,9864
065,065_fibrosis_102,256,113862,9112
065,065_fibrosis_103,256,114117,9136
065,065_fibrosis_104,256,114345,10000
065,065_fibrosis_105,256,114603,8484
065,065_fibrosis_106,256,115005,8676
065,065_fibrosis_107,256,115143,8948
065,065_fibrosis_108,256,115152,9084
065,065_fibrosis_109,256,115272,8196
065,065_fibrosis_110,256,115302,7436
065,065_fibrosis_111,256,115221,8744
065,065_fibrosis_112,256,115230,6248
065,065_fibrosis_113,256,115347,5504
065,065_fibrosis_114,256,115413,6292
065,065_fibrosis_115,256,115620,5556
065,065_fibrosis_116,256,115485,5604
065,065_fibrosis_117,256,115743,5540
065,065_fibrosis_118,256,115881,5128
065,065_fibrosis_119,256,116025,4780
065,065_fibrosis_120,256,116235,4568
065,065_fibrosis_121,256,116712,4280
065,065_fibrosis_122,256,116991,3532
065,065_fibrosis_123,256,117183,4096
065,065_fibrosis_124,256,117033,4324
065,065_fibrosis_125,256,117084,4480
065,065_fibrosis_126,256,117171,4708
065,065_fibrosis_127,256,117222,4380
065,065_fibrosis_128,256,117411,5404
065,065_fibrosis_129,256,117408,5704
065,065_fibrosis_130,256,117612,5592
065,065_fibrosis_131,256,117843,5500
065,065_fibrosis_132,256,118038,5220
065,065_fibrosis_133,256,118101,4820
065,065_fibrosis_134,256,118668,4024
065,065_fibrosis_135,256,118872,3792
065,065_fibrosis_136,256,119145,2724
065,065_fibrosis_137,256,119490,2456
065,065_fibrosis_138,256,119625,2448
065,065_fibrosis_139,256,119928,2320
065,065_fibrosis_140,256,120204,2144
065,065_fibrosis_141,256,120447,2060
065,065_fibrosis_142,256,120657,1396
065,065_fibrosis_143,256,120717,1148
065,065_fibrosis_144,256,120759,708
065,065_fibrosis_145,256,120507,780
065,065_fibrosis_146,256,120507,984
065,065_fibrosis_147,256,120843,1244
065,065_fibrosis_148,256,121047,940
065,065_fibrosis_149,256,121125,1024
065,065_fibrosis_150,256,121140,968
065,065_fibrosis_151,256,121074,896
065,065_fibrosis_189,256,115440,0
066,066_fibrosis_020,256,4674,1520
066,066_fibrosis_021,256,4857,1580
066,066_fibrosis_022,256,4995,1552
066,066_fibrosis_023,256,5415,1588
066,066_fibrosis_024,256,5592,1688
066,066_fibrosis_025,256,5994,1740
066,066_fibrosis_026,256,6483,1836
066,066_fibrosis_027,256,6945,2004
066,066_fibrosis_028,256,7344,1972
066,066_fibrosis_029,256,7767,1980
066,066_fibrosis_030,256,8313,2020
066,066_fibrosis_031,256,8631,2112
066,066_fibrosis_032,256,8973,2160
066,066_fibrosis_033,256,9345,2216
066,066_fibrosis_034,256,9762,2260
066,066_fibrosis_035,256,10242,1980
066,066_fibrosis_036,256,10599,1896
066,066_fibrosis_037,256,11001,2024
066,066_fibrosis_038,256,11424,2152
066,066_fibrosis_039,256,11955,2156
066,066_fibrosis_040,256,12234,2232
066,066_fibrosis_041,256,12813,2164
066,066_fibrosis_042,256,13323,2204
066,066_fibrosis_043,256,13848,2256
066,066_fibrosis_044,256,14133,2220
066,066_fibrosis_045,256,14664,2208
066,066_fibrosis_046,256,15159,1752
066,066_fibrosis_047,256,15765,1912
066,066_fibrosis_048,256,16281,1972
066,066_fibrosis_049,256,17139,2164
066,066_fibrosis_050,256,17658,2348
066,066_fibrosis_051,256,18288,2412
066,066_fibrosis_052,256,18870,2480
066,066_fibrosis_053,256,19551,2472
066,066_fibrosis_054,256,20148,2560
066,066_fibrosis_055,256,20664,2404
066,066_fibrosis_056,256,21213,2472
066,066_fibrosis_057,256,21894,2488
066,066_fibrosis_058,256,22713,2428
066,066_fibrosis_059,256,23565,2356
066,066_fibrosis_060,256,24228,2488
066,066_fibrosis_061,256,25053,2584
066,066_fibrosis_062,256,25755,2588
066,066_fibrosis_063,256,26559,3712
066,066_fibrosis_064,256,27633,4052
066,066_fibrosis_065,256,28455,4344
066,066_fibrosis_066,256,29367,4564
066,066_fibrosis_067,256,30204,4500
066,066_fibrosis_068,256,31149,5016
066,066_fibrosis_069,256,32175,4804
066,066_fibrosis_070,256,33159,4720
066,066_fibrosis_071,256,34134,4524
066,066_fibrosis_072,256,35460,4576
066,066_fibrosis_073,256,36393,4448
066,066_fibrosis_074,256,37443,4200
066,066_fibrosis_075,256,38421,3812
066,066_fibrosis_076,256,39177,3764
066,066_fibrosis_077,256,39981,3836
066,066_fibrosis_078,256,40767,4052
066,066_fibrosis_079,256,41457,3264
066,066_fibrosis_080,256,42390,2744
066,066_fibrosis_081,256,43449,3920
066,066_fibrosis_082,256,44157,3556
066,066_fibrosis_083,256,45195,3748
066,066_fibrosis_084,256,46245,3512
066,066_fibrosis_085,256,47451,2660
066,066_fibrosis_086,256,48579,4692
066,066_fibrosis_087,256,49599,4876
066,066_fibrosis_088,256,50439,4800
066,066_fibrosis_089,256,51570,4648
066,066_fibrosis_090,256,52560,5040
066,066_fibrosis_091,256,54126,5168
066,066_fibrosis_092,256,55194,5464
066,066_fibrosis_093,256,56322,6296
066,066_fibrosis_094,256,57933,6540
066,066_fibrosis_095,256,59397,7112
066,066_fibrosis_096,256,60813,7400
066,066_fibrosis_097,256,61791,7524
066,066_fibrosis_098,256,63135,7608
066,066_fibrosis_099,256,64542,4292
066,066_fibrosis_100,256,65841,5036
066,066_fibrosis_101,256,66978,8080
066,066_fibrosis_102,256,68397,8288
066,066_fibrosis_103,256,69603,8628
066,066_fibrosis_104,256,70974,8576
066,066_fibrosis_105,256,72204,8736
066,066_fibrosis_106,256,73197,8712
066,066_fibrosis_107,256,74694,7840
066,066_fibrosis_108,256,76083,6968
066,066_fibrosis_109,256,77247,6848
066,066_fibrosis_110,256,78747,6400
066,066_fibrosis_111,256,79164,6164
066,066_fibrosis_112,256,79371,6644
066,066_fibrosis_113,256,79422,6636
066,066_fibrosis_114,256,79365,6116
066,066_fibrosis_115,256,80061,5956
066,066_fibrosis_116,256,80460,8736
066,066_fibrosis_117,256,80601,9604
066,066_fibrosis_118,256,80670,9872
066,066_fibrosis_119,256,80991,9992
066,066_fibrosis_120,256,81165,9764
066,066_fibrosis_121,256,81633,9364
066,066_fibrosis_122,256,81957,8108
066,066_fibrosis_123,256,82578,8024
066,066_fibrosis_124,256,82890,7060
066,066_fibrosis_125,256,83451,6316
066,066_fibrosis_126,256,83955,5816
066,066_fibrosis_127,256,84711,6240
066,066_fibrosis_128,256,84996,6132
066,066_fibrosis_129,256,85509,6920
066,066_fibrosis_130,256,86058,6332
066,066_fibrosis_131,256,86454,6344
066,066_fibrosis_132,256,86598,6480
066,066_fibrosis_133,256,86802,6084
066,066_fibrosis_134,256,87759,5912
066,066_fibrosis_135,256,88470,5460
066,066_fibrosis_136,256,88839,5248
066,066_fibrosis_137,256,89223,5520
066,066_fibrosis_138,256,89778,5092
066,066_fibrosis_139,256,90360,5184
066,066_fibrosis_141,256,91455,5052
066,066_fibrosis_142,256,91878,5708
066,066_fibrosis_143,256,92346,5544
066,066_fibrosis_144,256,93060,5364
066,066_fibrosis_145,256,93879,4328
066,066_fibrosis_146,256,94566,4020
066,066_fibrosis_147,256,95343,4136
066,066_fibrosis_148,256,96075,4500
066,066_fibrosis_149,256,96372,4180
066,066_fibrosis_150,256,96600,4116
066,066_fibrosis_151,256,96345,4244
066,066_fibrosis_152,256,96165,3996
066,066_fibrosis_153,256,96321,4036
066,066_fibrosis_154,256,96204,3652
066,066_fibrosis_155,256,96123,3392
066,066_fibrosis_156,256,95982,3620
066,066_fibrosis_157,256,95973,3756
066,066_fibrosis_158,256,95691,3800
066,066_fibrosis_159,256,95349,4516
066,066_fibrosis_160,256,95142,4820
066,066_fibrosis_161,256,94926,4820
066,066_fibrosis_162,256,94884,4788
066,066_fibrosis_163,256,94707,4712
066,066_fibrosis_164,256,94479,4348
066,066_fibrosis_165,256,94281,4308
066,066_fibrosis_166,256,94422,4332
066,066_fibrosis_167,256,94422,4208
066,066_fibrosis_168,256,94326,4164
066,066_fibrosis_169,256,94674,4388
066,066_fibrosis_170,256,94830,3780
066,066_fibrosis_171,256,95079,4276
066,066_fibrosis_172,256,95190,4608
066,066_fibrosis_173,256,95082,3944
066,066_fibrosis_174,256,95259,3748
066,066_fibrosis_175,256,95238,4076
066,066_fibrosis_176,256,95304,4088
066,066_fibrosis_177,256,95205,4084
066,066_fibrosis_178,256,94932,3956
066,066_fibrosis_179,256,94383,3784
066,066_fibrosis_180,256,94317,3708
066,066_fibrosis_181,256,94227,4016
066,066_fibrosis_182,256,93684,3136
066,066_fibrosis_183,256,93411,3208
066,066_fibrosis_184,256,93012,3096
066,066_fibrosis_185,256,92292,2896
066,066_fibrosis_186,256,92037,3540
066,066_fibrosis_187,256,91827,4156
066,066_fibrosis_188,256,91821,4124
066,066_fibrosis_189,256,91665,3820
066,066_fibrosis_190,256,91908,3792
066,066_fibrosis_191,256,92085,3916
066,066_fibrosis_192,256,92433,4316
066,066_fibrosis_193,256,92613,5032
066,066_fibrosis_194,256,92697,4752
066,066_fibrosis_195,256,92931,4640
066,066_fibrosis_196,256,92889,4820
066,066_fibrosis_197,256,92883,4988
066,066_fibrosis_198,256,92907,5400
066,066_fibrosis_199,256,93207,5520
066,066_fibrosis_200,256,93120,5388
066,066_fibrosis_201,256,93099,5636
066,066_fibrosis_202,256,93273,5336
066,066_fibrosis_203,256,93375,5148
066,066_fibrosis_204,256,93717,4440
066,066_fibrosis_205,256,94182,4328
066,066_fibrosis_206,256,94245,4240
066,066_fibrosis_207,256,94470,3524
066,066_fibrosis_208,256,94857,3396
066,066_fibrosis_209,256,94749,3652
066,066_fibrosis_210,256,95142,3684
066,066_fibrosis_211,256,95430,3596
066,066_fibrosis_212,256,95271,3560
066,066_fibrosis_213,256,95043,3736
066,066_fibrosis_214,256,94251,3840
066,066_fibrosis_215,256,93594,3564
066,066_fibrosis_216,256,93207,3040
066,066_fibrosis_217,256,92862,2124
066,066_fibrosis_218,256,92745,1988
066,066_fibrosis_219,256,92289,1968
066,066_fibrosis_220,256,92349,2052
066,066_fibrosis_221,256,92247,1932
066,066_fibrosis_222,256,91950,2424
066,066_fibrosis_223,256,91839,2624
066,066_fibrosis_224,256,91443,2388
066,066_fibrosis_225,256,91407,2236
066,066_fibrosis_226,256,91398,2160
066,066_fibrosis_227,256,91617,2800
066,066_fibrosis_228,256,91638,3132
066,066_fibrosis_229,256,91587,2804
066,066_fibrosis_230,256,91467,3100
066,066_fibrosis_231,256,91575,3100
066,066_fibrosis_232,256,91581,2884
066,066_fibrosis_233,256,91350,3188
066,066_fibrosis_234,256,91200,3784
066,066_fibrosis_235,256,91347,3204
066,066_fibrosis_236,256,91260,2764
066,066_fibrosis_237,256,91056,2836
066,066_fibrosis_238,256,90906,3116
066,066_fibrosis_239,256,90480,3112
066,066_fibrosis_240,256,90195,2736
066,066_fibrosis_241,256,90012,2336
066,066_fibrosis_242,256,90177,2560
066,066_fibrosis_243,256,90048,2356
066,066_fibrosis_244,256,90138,2312
066,066_fibrosis_245,256,90192,2284
066,066_fibrosis_246,256,90168,2248
066,066_fibrosis_247,256,89886,2268
066,066_fibrosis_248,256,89772,2276
066,066_fibrosis_249,256,89724,2128
066,066_fibrosis_250,256,89439,2096
066,066_fibrosis_251,256,89676,2256
066,066_fibrosis_252,256,89583,2220
066,066_fibrosis_253,256,89322,2228
066,066_fibrosis_254,256,89196,2208
066,066_fibrosis_255,256,89043,1896
066,066_fibrosis_256,256,88992,1692
066,066_fibrosis_257,256,89439,1912
066,066_fibrosis_258,256,89565,2352
066,066_fibrosis_259,256,89205,2468
066,066_fibrosis_260,256,88893,2316
066,066_fibrosis_261,256,88707,3168
066,066_fibrosis_262,256,88434,3532
066,066_fibrosis_263,256,88131,3572
066,066_fibrosis_264,256,87822,3304
066,066_fibrosis_265,256,87321,3052
066,066_fibrosis_266,256,86958,2944
066,066_fibrosis_267,256,86586,2704
066,066_fibrosis_268,256,86391,2372
066,066_fibrosis_269,256,86007,2216
066,066_fibrosis_270,256,85620,2328
066,066_fibrosis_271,256,85059,2068
066,066_fibrosis_272,256,84807,2368
066,066_fibrosis_273,256,84384,2564
066,066_fibrosis_274,256,83856,2684
066,066_fibrosis_275,256,83511,3096
066,066_fibrosis_276,256,83190,3036
066,066_fibrosis_277,256,82692,2516
066,066_fibrosis_278,256,82221,2788
066,066_fibrosis_279,256,81744,2880
066,066_fibrosis_280,256,81288,3196
066,066_fibrosis_281,256,80817,3024
066,066_fibrosis_282,256,80394,3040
066,066_fibrosis_283,256,79707,2764
066,066_fibrosis_284,256,79446,3476
066,066_fibrosis_285,256,78900,3296
066,066_fibrosis_286,256,78303,3260
066,066_fibrosis_287,256,77919,3188
066,066_fibrosis_288,256,77328,3164
066,066_fibrosis_289,256,76947,3424
066,066_fibrosis_290,256,76260,3568
066,066_fibrosis_291,256,75642,3332
066,066_fibrosis_292,256,75006,3332
066,066_fibrosis_293,256,74454,3320
066,066_fibrosis_294,256,74004,3360
066,066_fibrosis_295,256,73584,3548
066,066_fibrosis_296,256,73008,3800
066,066_fibrosis_297,256,72423,3384
066,066_fibrosis_298,256,72006,2928
066,066_fibrosis_299,256,71463,2728
066,066_fibrosis_300,256,71091,2152
066,066_fibrosis_301,256,70464,1768
066,066_fibrosis_302,256,70038,1804
066,066_fibrosis_303,256,69381,2160
066,066_fibrosis_304,256,68886,2332
066,066_fibrosis_305,256,68397,2380
066,066_fibrosis_306,256,67782,1884
066,066_fibrosis_307,256,67218,2124
066,066_fibrosis_308,256,66504,2172
066,066_fibrosis_309,256,66006,1712
066,066_fibrosis_310,256,65568,1400
066,066_fibrosis_311,256,65127,1260
066,066_fibrosis_312,256,64449,1544
066,066_fibrosis_313,256,63885,1700
066,066_fibrosis_314,256,63360,1892
066,066_fibrosis_315,256,62727,1620
066,066_fibrosis_316,256,61995,1384
066,066_fibrosis_317,256,61473,1868
066,066_fibrosis_318,256,60963,2288
066,066_fibrosis_319,256,60558,2308
066,066_fibrosis_320,256,59967,1964
066,066_fibrosis_321,256,59334,1924
066,066_fibrosis_322,256,58860,1696
066,066_fibrosis_323,256,58275,1636
066,066_fibrosis_324,256,57477,1844
066,066_fibrosis_325,256,56745,1472
066,066_fibrosis_326,256,55908,1324
066,066_fibrosis_327,256,55080,1284
066,066_fibrosis_328,256,54492,1164
066,066_fibrosis_329,256,53709,1232
066,066_fibrosis_330,256,52821,1036
066,066_fibrosis_331,256,51963,940
066,066_fibrosis_332,256,51114,984
066,066_fibrosis_333,256,50199,960
066,066_fibrosis_334,256,49416,556
066,066_fibrosis_335,256,48738,392
066,066_fibrosis_336,256,47808,340
066,066_fibrosis_337,256,46701,324
066,066_fibrosis_338,256,45792,348
066,066_fibrosis_339,256,44694,368
066,066_fibrosis_340,256,43779,316
066,066_fibrosis_341,256,42384,288
066,066_fibrosis_342,256,41547,340
066,066_fibrosis_343,256,40455,360
066,066_fibrosis_344,256,39273,408
066,066_fibrosis_345,256,38172,508
066,066_fibrosis_346,256,37104,592
066,066_fibrosis_347,256,36312,488
066,066_fibrosis_348,256,35250,452
066,066_fibrosis_349,256,34518,456
067,067_fibrosis_020,256,4728,2692
067,067_fibrosis_021,256,5271,3032
067,067_fibrosis_022,256,5910,3252
067,067_fibrosis_023,256,6540,3508
067,067_fibrosis_024,256,7113,3648
067,067_fibrosis_025,256,7788,3884
067,067_fibrosis_026,256,8487,4172
067,067_fibrosis_027,256,9129,4424
067,067_fibrosis_028,256,9678,4568
067,067_fibrosis_029,256,10113,4792
067,067_fibrosis_030,256,10689,5012
067,067_fibrosis_031,256,11259,5324
067,067_fibrosis_032,256,12255,5692
067,067_fibrosis_033,256,12681,5856
067,067_fibrosis_034,256,13398,6156
067,067_fibrosis_035,256,14256,6268
067,067_fibrosis_036,256,15252,6580
067,067_fibrosis_037,256,15945,6080
067,067_fibrosis_038,256,16704,6128
067,067_fibrosis_039,256,17469,6184
067,067_fibrosis_040,256,18675,6332
067,067_fibrosis_041,256,19665,6672
067,067_fibrosis_042,256,20892,6852
067,067_fibrosis_043,256,22647,7336
067,067_fibrosis_044,256,24066,7704
067,067_fibrosis_045,256,25161,7164
067,067_fibrosis_046,256,26379,7164
067,067_fibrosis_047,256,27534,6804
067,067_fibrosis_048,256,29088,6620
067,067_fibrosis_049,256,30651,6848
067,067_fibrosis_050,256,32061,6676
067,067_fibrosis_051,256,32967,6524
067,067_fibrosis_052,256,34638,6628
067,067_fibrosis_053,256,35988,6716
067,067_fibrosis_054,256,37098,7064
067,067_fibrosis_055,256,38355,7528
067,067_fibrosis_056,256,40032,7648
067,067_fibrosis_057,256,41454,7744
067,067_fibrosis_058,256,42840,7300
067,067_fibrosis_059,256,43914,7516
067,067_fibrosis_060,256,44895,7456
067,067_fibrosis_061,256,47043,6824
067,067_fibrosis_062,256,49458,6996
067,067_fibrosis_063,256,52764,6488
067,067_fibrosis_064,256,54480,6608
067,067_fibrosis_065,256,55371,6928
067,067_fibrosis_066,256,56556,7164
067,067_fibrosis_067,256,57192,7656
067,067_fibrosis_068,256,57798,7736
067,067_fibrosis_069,256,57843,7964
067,067_fibrosis_070,256,58359,8136
067,067_fibrosis_071,256,59058,8120
067,067_fibrosis_072,256,59457,8088
067,067_fibrosis_073,256,60042,8424
067,067_fibrosis_074,256,60924,8336
067,067_fibrosis_075,256,61458,8216
067,067_fibrosis_076,256,61752,8428
067,067_fibrosis_077,256,62319,8500
067,067_fibrosis_078,256,62955,8468
067,067_fibrosis_079,256,63657,8392
067,067_fibrosis_080,256,64614,8512
067,067_fibrosis_081,256,65295,8004
067,067_fibrosis_082,256,65775,7736
067,067_fibrosis_083,256,67062,9000
067,067_fibrosis_084,256,68112,9264
067,067_fibrosis_085,256,69039,8620
067,067_fibrosis_086,256,69522,8440
067,067_fibrosis_087,256,70248,8864
067,067_fibrosis_088,256,71403,8852
067,067_fibrosis_089,256,72291,8628
067,067_fibrosis_090,256,73293,8464
067,067_fibrosis_091,256,74607,7616
067,067_fibrosis_092,256,75030,7768
067,067_fibrosis_093,256,76317,8104
067,067_fibrosis_094,256,77208,8168
067,067_fibrosis_095,256,78537,8324
067,067_fibrosis_096,256,79584,8320
067,067_fibrosis_097,256,80424,8388
067,067_fibrosis_098,256,82356,8800
067,067_fibrosis_099,256,83799,8892
067,067_fibrosis_100,256,85209,8148
067,067_fibrosis_101,256,86073,7852
067,067_fibrosis_102,256,86883,8076
067,067_fibrosis_103,256,88041,6112
067,067_fibrosis_104,256,90000,6340
067,067_fibrosis_105,256,91665,7120
067,067_fibrosis_106,256,93045,7064
067,067_fibrosis_107,256,94968,6820
067,067_fibrosis_108,256,97233,7308
067,067_fibrosis_109,256,98337,7972
067,067_fibrosis_110,256,98439,8460
067,067_fibrosis_111,256,98667,8452
067,067_fibrosis_112,256,98676,7820
067,067_fibrosis_113,256,98877,7824
067,067_fibrosis_114,256,99120,7520
067,067_fibrosis_115,256,99417,7076
067,067_fibrosis_116,256,99210,6072
067,067_fibrosis_117,256,99420,5036
067,067_fibrosis_118,256,99741,4016
067,067_fibrosis_119,256,100143,3452
067,067_fibrosis_120,256,100359,3464
067,067_fibrosis_121,256,100218,3460
067,067_fibrosis_122,256,100548,3184
067,067_fibrosis_123,256,100533,2664
067,067_fibrosis_124,256,100527,2540
067,067_fibrosis_125,256,100635,2416
067,067_fibrosis_126,256,101355,2460
067,067_fibrosis_127,256,102270,2236
067,067_fibrosis_128,256,102507,2048
067,067_fibrosis_129,256,103257,2132
067,067_fibrosis_130,256,103263,2096
067,067_fibrosis_131,256,103494,2140
067,067_fibrosis_132,256,103785,2156
067,067_fibrosis_133,256,103848,2080
067,067_fibrosis_134,256,103806,2172
067,067_fibrosis_135,256,104142,2240
067,067_fibrosis_136,256,104301,2152
067,067_fibrosis_137,256,104853,2076
067,067_fibrosis_138,256,105426,2028
067,067_fibrosis_139,256,105594,1912
067,067_fibrosis_140,256,105972,2524
067,067_fibrosis_141,256,106044,2488
067,067_fibrosis_142,256,106317,2536
067,067_fibrosis_143,256,106464,2848
067,067_fibrosis_144,256,106590,3068
067,067_fibrosis_145,256,106542,3116
067,067_fibrosis_146,256,106482,3452
067,067_fibrosis_147,256,106338,3392
067,067_fibrosis_148,256,106626,3608
067,067_fibrosis_149,256,106446,3492
067,067_fibrosis_150,256,106191,3112
067,067_fibrosis_151,256,106635,2756
067,067_fibrosis_152,256,106872,2448
067,067_fibrosis_153,256,106812,2180
067,067_fibrosis_154,256,106938,2284
067,067_fibrosis_155,256,107004,2228
067,067_fibrosis_156,256,107013,1944
067,067_fibrosis_157,256,107148,1772
067,067_fibrosis_158,256,107334,1888
067,067_fibrosis_159,256,107544,2148
067,067_fibrosis_160,256,107616,2016
067,067_fibrosis_161,256,107703,1944
067,067_fibrosis_162,256,107676,1784
067,067_fibrosis_163,256,107973,1608
067,067_fibrosis_164,256,108213,1776
067,067_fibrosis_165,256,107769,1768
067,067_fibrosis_166,256,107601,1216
067,067_fibrosis_167,256,107424,1252
067,067_fibrosis_168,256,106872,1300
067,067_fibrosis_169,256,106758,1156
067,067_fibrosis_170,256,106665,992
067,067_fibrosis_171,256,106827,908
067,067_fibrosis_172,256,107148,916
067,067_fibrosis_173,256,107025,852
067,067_fibrosis_174,256,107091,844
067,067_fibrosis_175,256,107160,864
067,067_fibrosis_176,256,107643,912
067,067_fibrosis_178,256,107763,1256
067,067_fibrosis_179,256,107889,1284
067,067_fibrosis_180,256,107745,1508
067,067_fibrosis_181,256,107859,1512
067,067_fibrosis_182,256,107868,1440
067,067_fibrosis_183,256,107565,1388
067,067_fibrosis_184,256,107493,1292
067,067_fibrosis_185,256,107562,1412
067,067_fibrosis_186,256,107130,1272
067,067_fibrosis_187,256,107175,1132
067,067_fibrosis_188,256,107175,1124
067,067_fibrosis_189,256,107244,1092
067,067_fibrosis_190,256,107487,1620
067,067_fibrosis_191,256,107262,2224
067,067_fibrosis_192,256,106899,2296
067,067_fibrosis_193,256,106749,2072
067,067_fibrosis_194,256,106488,1996
067,067_fibrosis_195,256,106113,2028
067,067_fibrosis_196,256,105918,2016
067,067_fibrosis_197,256,105738,2384
067,067_fibrosis_198,256,105501,2280
067,067_fibrosis_199,256,105372,2292
067,067_fibrosis_200,256,105423,2316
067,067_fibrosis_201,256,105099,2048
067,067_fibrosis_202,256,104850,2144
067,067_fibrosis_203,256,105348,1996
067,067_fibrosis_204,256,105426,2016
067,067_fibrosis_205,256,105603,1908
067,067_fibrosis_206,256,105417,1852
067,067_fibrosis_207,256,105369,1488
067,067_fibrosis_208,256,105117,1712
067,067_fibrosis_209,256,104832,1820
067,067_fibrosis_210,256,104706,1908
067,067_fibrosis_211,256,104301,2080
067,067_fibrosis_212,256,103983,2012
067,067_fibrosis_213,256,103914,1692
067,067_fibrosis_214,256,103767,1720
067,067_fibrosis_215,256,103473,1684
067,067_fibrosis_216,256,103020,1724
067,067_fibrosis_217,256,102945,1772
067,067_fibrosis_218,256,102687,1684
067,067_fibrosis_219,256,102318,1584
067,067_fibrosis_220,256,101754,1576
067,067_fibrosis_221,256,101331,1540
067,067_fibrosis_222,256,100728,1416
067,067_fibrosis_223,256,99897,1440
067,067_fibrosis_224,256,99303,1824
067,067_fibrosis_225,256,98484,2048
067,067_fibrosis_226,256,97866,2024
067,067_fibrosis_227,256,97224,2388
067,067_fibrosis_228,256,96507,2524
067,067_fibrosis_229,256,95637,2408
067,067_fibrosis_230,256,94917,2336
067,067_fibrosis_231,256,94296,2312
067,067_fibrosis_232,256,93531,2076
067,067_fibrosis_233,256,92895,2048
067,067_fibrosis_234,256,91998,1988
067,067_fibrosis_235,256,91368,1708
067,067_fibrosis_236,256,90828,784
067,067_fibrosis_237,256,90048,828
067,067_fibrosis_238,256,89295,748
067,067_fibrosis_239,256,88497,660
067,067_fibrosis_240,256,87732,748
067,067_fibrosis_241,256,86859,508
067,067_fibrosis_242,256,86040,476
067,067_fibrosis_243,256,85125,472
067,067_fibrosis_244,256,84468,448
067,067_fibrosis_245,256,83628,476
067,067_fibrosis_246,256,82902,488
067,067_fibrosis_247,256,82236,916
067,067_fibrosis_248,256,81492,1008
067,067_fibrosis_249,256,80673,656
067,067_fibrosis_250,256,79914,712
067,067_fibrosis_251,256,78963,828
067,067_fibrosis_252,256,77868,456
067,067_fibrosis_253,256,76653,476
067,067_fibrosis_254,256,75522,424
067,067_fibrosis_255,256,74625,452
067,067_fibrosis_256,256,73581,292
127,127_fibrosis_020,256,4173,1800
127,127_fibrosis_021,256,4554,1408
127,127_fibrosis_022,256,4941,1244
127,127_fibrosis_023,256,5367,1436
127,127_fibrosis_024,256,5955,1408
127,127_fibrosis_025,256,6492,1552
127,127_fibrosis_026,256,7107,1768
127,127_fibrosis_027,256,7518,1808
127,127_fibrosis_028,256,7812,1960
127,127_fibrosis_029,256,8136,2848
127,127_fibrosis_030,256,8709,3020
127,127_fibrosis_031,256,9045,2804
127,127_fibrosis_032,256,9606,2556
127,127_fibrosis_033,256,10095,2768
127,127_fibrosis_034,256,10704,3264
127,127_fibrosis_035,256,11112,3292
127,127_fibrosis_036,256,11562,3384
127,127_fibrosis_037,256,12207,3464
127,127_fibrosis_038,256,12801,3696
127,127_fibrosis_039,256,13437,4056
127,127_fibrosis_040,256,14313,4628
127,127_fibrosis_041,256,15015,4904
127,127_fibrosis_042,256,15753,5384
127,127_fibrosis_043,256,16476,5404
127,127_fibrosis_044,256,17100,5284
127,127_fibrosis_045,256,18045,4604
127,127_fibrosis_046,256,18693,4904
127,127_fibrosis_047,256,19563,5188
127,127_fibrosis_048,256,20382,6316
127,127_fibrosis_049,256,21600,7384
127,127_fibrosis_050,256,22419,6472
127,127_fibrosis_051,256,23109,5624
127,127_fibrosis_052,256,23787,5448
127,127_fibrosis_053,256,24645,5212
127,127_fibrosis_054,256,25509,5704
127,127_fibrosis_055,256,26163,5688
127,127_fibrosis_056,256,26796,6056
127,127_fibrosis_057,256,27357,6940
127,127_fibrosis_058,256,27945,6632
127,127_fibrosis_059,256,28590,6076
127,127_fibrosis_060,256,29292,6036
127,127_fibrosis_061,256,30087,5812
127,127_fibrosis_062,256,30942,5456
127,127_fibrosis_063,256,31668,4784
127,127_fibrosis_064,256,32784,4520
127,127_fibrosis_065,256,33609,4812
127,127_fibrosis_066,256,34332,4436
127,127_fibrosis_067,256,35178,4928
127,127_fibrosis_068,256,35880,5996
127,127_fibrosis_069,256,36726,5964
127,127_fibrosis_070,256,37494,5816
127,127_fibrosis_071,256,38334,5608
127,127_fibrosis_072,256,39252,5864
127,127_fibrosis_073,256,40032,6068
127,127_fibrosis_074,256,40959,6160
127,127_fibrosis_075,256,42150,6280
127,127_fibrosis_076,256,42858,5576
127,127_fibrosis_077,256,43935,5384
127,127_fibrosis_078,256,44862,5252
127,127_fibrosis_079,256,45330,4960
127,127_fibrosis_080,256,46224,5088
127,127_fibrosis_081,256,47394,5292
127,127_fibrosis_082,256,48498,5376
127,127_fibrosis_083,256,49299,5240
127,127_fibrosis_084,256,50118,4364
127,127_fibrosis_085,256,51054,4048
127,127_fibrosis_086,256,52125,4592
127,127_fibrosis_087,256,52668,4692
127,127_fibrosis_088,256,53235,5452
127,127_fibrosis_089,256,53802,6096
127,127_fibrosis_090,256,54600,6788
127,127_fibrosis_091,256,55482,6536
127,127_fibrosis_092,256,56376,6432
127,127_fibrosis_093,256,56961,6344
127,127_fibrosis_094,256,57591,7196
127,127_fibrosis_095,256,58344,7540
127,127_fibrosis_096,256,59049,7380
127,127_fibrosis_097,256,59583,7528
127,127_fibrosis_098,256,60225,7656
127,127_fibrosis_099,256,61029,8156
127,127_fibrosis_100,256,61671,8272
127,127_fibrosis_101,256,62307,8752
127,127_fibrosis_102,256,62685,8028
127,127_fibrosis_103,256,63270,7608
127,127_fibrosis_104,256,63528,6936
127,127_fibrosis_105,256,64230,6488
127,127_fibrosis_106,256,64770,6904
127,127_fibrosis_107,256,65271,7168
127,127_fibrosis_108,256,66096,7392
127,127_fibrosis_109,256,66543,7912
127,127_fibrosis_110,256,67353,7628
127,127_fibrosis_111,256,68310,7608
127,127_fibrosis_112,256,69108,8540
127,127_fibrosis_113,256,69765,9636
127,127_fibrosis_114,256,70461,9880
127,127_fibrosis_115,256,71811,10388
127,127_fibrosis_116,256,72840,10076
127,127_fibrosis_117,256,73875,10012
127,127_fibrosis_118,256,74979,9640
127,127_fibrosis_119,256,75738,9980
127,127_fibrosis_120,256,76815,10248
127,127_fibrosis_121,256,77625,9636
127,127_fibrosis_122,256,78384,10108
127,127_fibrosis_123,256,79263,9932
127,127_fibrosis_124,256,79548,9680
127,127_fibrosis_125,256,80166,9500
127,127_fibrosis_126,256,80661,10088
127,127_fibrosis_127,256,81171,10608
127,127_fibrosis_128,256,82005,10696
127,127_fibrosis_129,256,82659,9920
127,127_fibrosis_130,256,83265,10588
127,127_fibrosis_131,256,84075,13512
127,127_fibrosis_132,256,85002,14080
127,127_fibrosis_133,256,85578,13416
127,127_fibrosis_134,256,85953,16220
127,127_fibrosis_135,256,85947,12720
127,127_fibrosis_136,256,86130,10236
127,127_fibrosis_137,256,86904,10548
127,127_fibrosis_138,256,87987,12076
127,127_fibrosis_139,256,88602,11740
127,127_fibrosis_140,256,88812,11024
127,127_fibrosis_141,256,89106,11116
127,127_fibrosis_142,256,89547,12968
127,127_fibrosis_143,256,90399,14076
127,127_fibrosis_144,256,91050,14496
127,127_fibrosis_145,256,90621,11204
127,127_fibrosis_146,256,90165,10496
127,127_fibrosis_147,256,89847,10804
127,127_fibrosis_148,256,89748,12096
127,127_fibrosis_149,256,89565,11804
127,127_fibrosis_150,256,89421,13128
127,127_fibrosis_151,256,89076,14900
127,127_fibrosis_152,256,88854,13384
127,127_fibrosis_153,256,88212,13560
127,127_fibrosis_154,256,87729,13032
127,127_fibrosis_155,256,87411,12676
127,127_fibrosis_156,256,87213,12476
127,127_fibrosis_157,256,86985,12168
127,127_fibrosis_158,256,86340,10824
127,127_fibrosis_159,256,85326,9820
127,127_fibrosis_160,256,84390,9984
127,127_fibrosis_161,256,83925,11048
127,127_fibrosis_162,256,83562,11440
127,127_fibrosis_163,256,83109,11208
127,127_fibrosis_164,256,82806,9472
127,127_fibrosis_165,256,82818,9496
127,127_fibrosis_166,256,82578,9444
127,127_fibrosis_167,256,82464,9940
127,127_fibrosis_168,256,82044,11464
127,127_fibrosis_169,256,82200,12032
127,127_fibrosis_170,256,82374,12856
127,127_fibrosis_171,256,82284,13172
127,127_fibrosis_172,256,82023,12556
127,127_fibrosis_173,256,81972,12572
127,127_fibrosis_174,256,82032,12472
127,127_fibrosis_175,256,81816,11932
127,127_fibrosis_176,256,81777,11616
127,127_fibrosis_177,256,81714,10056
127,127_fibrosis_178,256,81861,11064
127,127_fibrosis_179,256,82131,10768
127,127_fibrosis_180,256,82068,10800
127,127_fibrosis_181,256,81891,10272
127,127_fibrosis_182,256,81801,10268
127,127_fibrosis_183,256,81735,10536
127,127_fibrosis_184,256,81762,10540
127,127_fibrosis_185,256,81633,10620
127,127_fibrosis_186,256,81639,10524
127,127_fibrosis_187,256,81597,10620
127,127_fibrosis_188,256,81633,11316
127,127_fibrosis_189,256,81495,9632
127,127_fibrosis_190,256,81522,10708
127,127_fibrosis_191,256,81408,9408
127,127_fibrosis_192,256,81165,10012
127,127_fibrosis_193,256,81018,10008
127,127_fibrosis_194,256,80553,9632
127,127_fibrosis_195,256,80448,9520
127,127_fibrosis_196,256,80202,9760
127,127_fibrosis_197,256,80187,10180
127,127_fibrosis_198,256,80454,10224
127,127_fibrosis_199,256,80259,8676
127,127_fibrosis_200,256,80019,8832
127,127_fibrosis_201,256,80199,8216
127,127_fibrosis_202,256,80283,7484
127,127_fibrosis_203,256,80334,7288
127,127_fibrosis_204,256,79851,6736
127,127_fibrosis_205,256,79788,6316
127,127_fibrosis_206,256,79698,6924
127,127_fibrosis_207,256,79539,8552
127,127_fibrosis_208,256,79230,8600
127,127_fibrosis_209,256,78927,8632
127,127_fibrosis_210,256,78600,7468
127,127_fibrosis_211,256,78360,7120
127,127_fibrosis_212,256,78153,7492
127,127_fibrosis_213,256,78009,7244
127,127_fibrosis_214,256,78009,7852
127,127_fibrosis_215,256,77958,7628
127,127_fibrosis_216,256,78078,7644
127,127_fibrosis_217,256,78204,8792
127,127_fibrosis_218,256,78366,9696
127,127_fibrosis_219,256,78345,10668
127,127_fibrosis_220,256,78567,10484
127,127_fibrosis_221,256,78471,8956
127,127_fibrosis_222,256,79254,8620
127,127_fibrosis_223,256,79866,8604
127,127_fibrosis_224,256,80349,10016
127,127_fibrosis_225,256,80274,8432
127,127_fibrosis_226,256,80238,9080
127,127_fibrosis_227,256,80256,10432
127,127_fibrosis_228,256,80583,9452
127,127_fibrosis_229,256,80007,9724
127,127_fibrosis_230,256,79689,9200
127,127_fibrosis_231,256,79443,9108
127,127_fibrosis_232,256,79614,9440
127,127_fibrosis_233,256,80091,10020
127,127_fibrosis_234,256,80517,10816
127,127_fibrosis_235,256,80427,10084
127,127_fibrosis_236,256,79932,9968
127,127_fibrosis_237,256,80010,9972
127,127_fibrosis_238,256,79902,12012
127,127_fibrosis_239,256,79716,12856
127,127_fibrosis_240,256,79509,12708
127,127_fibrosis_241,256,79218,12676
127,127_fibrosis_242,256,79521,10692
127,127_fibrosis_243,256,79683,10524
127,127_fibrosis_244,256,79872,10996
127,127_fibrosis_245,256,79764,10856
127,127_fibrosis_246,256,79623,10016
127,127_fibrosis_247,256,79488,9424
127,127_fibrosis_248,256,79545,10828
127,127_fibrosis_249,256,79626,9008
127,127_fibrosis_250,256,79629,8092
127,127_fibrosis_251,256,79281,9052
127,127_fibrosis_252,256,78993,9440
127,127_fibrosis_253,256,78957,10860
127,127_fibrosis_254,256,78483,11572
127,127_fibrosis_255,256,78072,11312
127,127_fibrosis_256,256,77667,8964
127,127_fibrosis_257,256,77637,8116
127,127_fibrosis_258,256,77619,8256
127,127_fibrosis_259,256,77391,7208
127,127_fibrosis_260,256,77547,8480
127,127_fibrosis_261,256,77577,7516
127,127_fibrosis_262,256,77595,7728
127,127_fibrosis_263,256,77466,8144
127,127_fibrosis_264,256,77448,9236
127,127_fibrosis_265,256,77052,9108
127,127_fibrosis_266,256,77148,8832
127,127_fibrosis_267,256,77184,7872
127,127_fibrosis_268,256,76986,8484
127,127_fibrosis_269,256,76776,8640
127,127_fibrosis_270,256,76857,8776
127,127_fibrosis_271,256,76860,10512
127,127_fibrosis_272,256,75801,10012
127,127_fibrosis_273,256,75819,9604
127,127_fibrosis_274,256,75933,8848
127,127_fibrosis_275,256,75603,8516
127,127_fibrosis_276,256,75336,8332
127,127_fibrosis_277,256,75066,8548
127,127_fibrosis_278,256,74901,7536
127,127_fibrosis_279,256,74391,9308
127,127_fibrosis_280,256,74142,8608
127,127_fibrosis_281,256,74088,7944
127,127_fibrosis_282,256,73659,7748
127,127_fibrosis_283,256,73416,6612
127,127_fibrosis_284,256,72966,9836
127,127_fibrosis_285,256,72570,9528
127,127_fibrosis_286,256,72276,6092
127,127_fibrosis_287,256,71853,6120
127,127_fibrosis_288,256,71631,7532
127,127_fibrosis_289,256,71418,8024
127,127_fibrosis_290,256,70968,9496
127,127_fibrosis_291,256,70584,10428
127,127_fibrosis_292,256,70359,9872
127,127_fibrosis_293,256,69954,9336
127,127_fibrosis_294,256,70221,9912
127,127_fibrosis_295,256,69816,8772
127,127_fibrosis_296,256,69189,8000
127,127_fibrosis_297,256,69018,8836
127,127_fibrosis_298,256,68682,7388
127,127_fibrosis_299,256,68328,6584
127,127_fibrosis_300,256,67734,6220
127,127_fibrosis_301,256,67077,5560
127,127_fibrosis_302,256,66498,5496
127,127_fibrosis_303,256,65937,5732
127,127_fibrosis_304,256,65448,6220
127,127_fibrosis_305,256,64746,6160
127,127_fibrosis_306,256,64152,6740
127,127_fibrosis_307,256,63672,6660
127,127_fibrosis_308,256,63084,4560
127,127_fibrosis_309,256,62688,5180
127,127_fibrosis_310,256,62154,7024
127,127_fibrosis_311,256,61635,5580
127,127_fibrosis_312,256,61224,5536
127,127_fibrosis_313,256,60648,5772
127,127_fibrosis_314,256,60174,5400
127,127_fibrosis_315,256,59520,5580
127,127_fibrosis_316,256,58872,5200
127,127_fibrosis_317,256,58431,5240
127,127_fibrosis_318,256,57963,3944
127,127_fibrosis_319,256,57504,3008
127,127_fibrosis_320,256,56883,3220
127,127_fibrosis_321,256,56466,3928
127,127_fibrosis_322,256,55914,3560
127,127_fibrosis_323,256,55245,3560
127,127_fibrosis_324,256,54819,4540
127,127_fibrosis_325,256,54321,4244
127,127_fibrosis_326,256,53985,4160
127,127_fibrosis_327,256,53544,4176
127,127_fibrosis_328,256,52935,3640
127,127_fibrosis_329,256,52644,3616
127,127_fibrosis_330,256,52119,3452
127,127_fibrosis_331,256,51672,3556
127,127_fibrosis_332,256,51051,3152
127,127_fibrosis_333,256,50496,3652
127,127_fibrosis_334,256,49974,4108
127,127_fibrosis_335,256,49548,4768
127,127_fibrosis_336,256,48810,3924
127,127_fibrosis_337,256,48237,2988
127,127_fibrosis_338,256,47640,3168
127,127_fibrosis_339,256,47094,3612
127,127_fibrosis_340,256,46446,3580
127,127_fibrosis_341,256,45774,3696
127,127_fibrosis_342,256,45162,3112
127,127_fibrosis_343,256,44505,3528
127,127_fibrosis_344,256,43905,3692
127,127_fibrosis_345,256,43128,3256
127,127_fibrosis_346,256,42423,2920
127,127_fibrosis_347,256,41817,2708
127,127_fibrosis_348,256,41271,2868
127,127_fibrosis_349,256,40479,2668
127,127_fibrosis_350,256,39828,3156
127,127_fibrosis_351,256,39063,2512
127,127_fibrosis_352,256,38574,2124
127,127_fibrosis_353,256,37929,1636
127,127_fibrosis_354,256,37308,1288
127,127_fibrosis_355,256,36780,1480
127,127_fibrosis_356,256,35982,1524
127,127_fibrosis_357,256,35187,1712
127,127_fibrosis_358,256,34473,1576
127,127_fibrosis_359,256,33900,1288
127,127_fibrosis_360,256,33225,1028
127,127_fibrosis_361,256,32568,996
127,127_fibrosis_362,256,31929,896
127,127_fibrosis_363,256,31221,872
127,127_fibrosis_364,256,30702,1524
127,127_fibrosis_365,256,30054,1276
127,127_fibrosis_366,256,29364,1068
127,127_fibrosis_367,256,28866,1040
127,127_fibrosis_368,256,28281,1348
127,127_fibrosis_369,256,27522,1512
127,127_fibrosis_370,256,26931,1180
127,127_fibrosis_371,256,26349,1016
127,127_fibrosis_372,256,25746,1396
127,127_fibrosis_373,256,25047,1140
127,127_fibrosis_374,256,24423,1152
127,127_fibrosis_375,256,23754,1216
127,127_fibrosis_376,256,23145,1564
127,127_fibrosis_377,256,22467,1724
127,127_fibrosis_378,256,21840,1524
127,127_fibrosis_379,256,21144,944
127,127_fibrosis_380,256,20424,464
127,127_fibrosis_381,256,19875,320
127,127_fibrosis_387,256,15918,1308
127,127_fibrosis_388,256,15387,548
127,127_fibrosis_389,256,14700,1044
127,127_fibrosis_390,256,13770,1344
127,127_fibrosis_391,256,12984,840
127,127_fibrosis_392,256,12159,780
127,127_fibrosis_393,256,11277,240
127,127_fibrosis_394,256,10914,264
128,128_fibrosis_027,256,5646,536
128,128_fibrosis_028,256,5997,268
128,128_fibrosis_029,256,6438,692
128,128_fibrosis_030,256,6801,548
128,128_fibrosis_031,256,7437,476
128,128_fibrosis_032,256,8013,560
128,128_fibrosis_033,256,8484,652
128,128_fibrosis_034,256,9141,324
128,128_fibrosis_035,256,9612,572
128,128_fibrosis_036,256,10302,644
128,128_fibrosis_037,256,10872,724
128,128_fibrosis_038,256,11745,444
128,128_fibrosis_039,256,12573,660
128,128_fibrosis_040,256,13200,704
128,128_fibrosis_041,256,13971,568
128,128_fibrosis_042,256,14607,1280
128,128_fibrosis_043,256,15177,1736
128,128_fibrosis_044,256,15636,1424
128,128_fibrosis_045,256,16182,1540
128,128_fibrosis_046,256,16689,1968
128,128_fibrosis_047,256,17277,1960
128,128_fibrosis_048,256,18207,1356
128,128_fibrosis_049,256,18885,1416
128,128_fibrosis_050,256,19566,1660
128,128_fibrosis_051,256,20355,1692
128,128_fibrosis_052,256,21354,1844
128,128_fibrosis_053,256,22401,1776
128,128_fibrosis_054,256,23388,1908
128,128_fibrosis_055,256,24342,1620
128,128_fibrosis_056,256,25284,1432
128,128_fibrosis_057,256,26100,1836
128,128_fibrosis_058,256,27189,1232
128,128_fibrosis_059,256,28050,1244
128,128_fibrosis_060,256,28995,1752
128,128_fibrosis_061,256,29994,1084
128,128_fibrosis_062,256,30960,404
128,128_fibrosis_065,256,33846,952
128,128_fibrosis_066,256,35061,812
128,128_fibrosis_067,256,36132,500
128,128_fibrosis_068,256,37206,464
128,128_fibrosis_069,256,38256,948
128,128_fibrosis_070,256,39396,1332
128,128_fibrosis_071,256,40659,1104
128,128_fibrosis_072,256,41808,1324
128,128_fibrosis_073,256,42819,1040
128,128_fibrosis_074,256,44061,1248
128,128_fibrosis_075,256,45225,1364
128,128_fibrosis_076,256,46497,1984
128,128_fibrosis_077,256,47601,2096
128,128_fibrosis_078,256,48705,1792
128,128_fibrosis_079,256,49731,2076
128,128_fibrosis_080,256,50958,1948
128,128_fibrosis_081,256,51645,2064
128,128_fibrosis_082,256,52518,2080
128,128_fibrosis_083,256,53604,1468
128,128_fibrosis_084,256,55209,1436
128,128_fibrosis_085,256,57123,2284
128,128_fibrosis_086,256,58899,2064
128,128_fibrosis_087,256,60540,2532
128,128_fibrosis_088,256,62349,3188
128,128_fibrosis_089,256,64098,1676
128,128_fibrosis_090,256,65490,1612
128,128_fibrosis_091,256,66840,1264
128,128_fibrosis_092,256,68331,1976
128,128_fibrosis_093,256,69360,2308
128,128_fibrosis_094,256,70464,2316
128,128_fibrosis_095,256,72117,2908
128,128_fibrosis_096,256,73587,3564
128,128_fibrosis_097,256,74682,3624
128,128_fibrosis_098,256,75516,3464
128,128_fibrosis_099,256,76308,3464
128,128_fibrosis_100,256,76947,3528
128,128_fibrosis_101,256,77625,3584
128,128_fibrosis_102,256,78222,3268
128,128_fibrosis_103,256,78780,3804
128,128_fibrosis_104,256,79551,3372
128,128_fibrosis_105,256,80112,3004
128,128_fibrosis_106,256,80760,3640
128,128_fibrosis_107,256,81435,3160
128,128_fibrosis_108,256,81945,3180
128,128_fibrosis_109,256,82590,2544
128,128_fibrosis_110,256,83091,3620
128,128_fibrosis_111,256,83496,3960
128,128_fibrosis_112,256,84285,4072
128,128_fibrosis_113,256,84993,4736
128,128_fibrosis_114,256,85761,5424
128,128_fibrosis_115,256,86475,5644
128,128_fibrosis_116,256,87309,4628
128,128_fibrosis_117,256,88056,5932
128,128_fibrosis_118,256,89277,5232
128,128_fibrosis_119,256,90165,5340
128,128_fibrosis_120,256,91002,5636
128,128_fibrosis_121,256,91920,6328
128,128_fibrosis_122,256,92655,5788
128,128_fibrosis_123,256,93678,5628
128,128_fibrosis_124,256,94338,5832
128,128_fibrosis_125,256,95040,6008
128,128_fibrosis_126,256,95844,5928
128,128_fibrosis_127,256,96426,5968
128,128_fibrosis_128,256,97218,6380
128,128_fibrosis_129,256,97977,6460
128,128_fibrosis_130,256,98442,5372
128,128_fibrosis_131,256,98922,4800
128,128_fibrosis_132,256,99618,5272
128,128_fibrosis_133,256,100146,5780
128,128_fibrosis_134,256,100605,6176
128,128_fibrosis_135,256,100467,6428
128,128_fibrosis_136,256,100161,6456
128,128_fibrosis_137,256,99702,6516
128,128_fibrosis_138,256,99303,6012
128,128_fibrosis_139,256,99084,5396
128,128_fibrosis_140,256,98757,5160
128,128_fibrosis_141,256,98436,5032
128,128_fibrosis_142,256,98124,5364
128,128_fibrosis_143,256,97830,5708
128,128_fibrosis_144,256,97764,5252
128,128_fibrosis_145,256,97119,4208
128,128_fibrosis_146,256,96414,5616
128,128_fibrosis_147,256,96234,6088
128,128_fibrosis_148,256,96207,6312
128,128_fibrosis_149,256,96270,7392
128,128_fibrosis_150,256,96033,6348
128,128_fibrosis_151,256,95871,6060
128,128_fibrosis_152,256,95589,5796
128,128_fibrosis_153,256,95634,6512
128,128_fibrosis_154,256,95358,5604
128,128_fibrosis_155,256,95472,5860
128,128_fibrosis_156,256,95298,6332
128,128_fibrosis_157,256,95655,5256
128,128_fibrosis_158,256,95580,4696
128,128_fibrosis_159,256,95574,5308
128,128_fibrosis_160,256,96021,5244
128,128_fibrosis_161,256,96012,5344
128,128_fibrosis_162,256,96141,7100
128,128_fibrosis_163,256,96114,6132
128,128_fibrosis_164,256,95916,5072
128,128_fibrosis_165,256,95646,5228
128,128_fibrosis_166,256,95514,5764
128,128_fibrosis_167,256,95424,5768
128,128_fibrosis_168,256,95142,5448
128,128_fibrosis_169,256,95070,5808
128,128_fibrosis_170,256,94830,5872
128,128_fibrosis_171,256,94398,5716
128,128_fibrosis_172,256,94152,5600
128,128_fibrosis_173,256,94026,3732
128,128_fibrosis_174,256,93861,4256
128,128_fibrosis_175,256,93852,5120
128,128_fibrosis_176,256,93519,5644
128,128_fibrosis_177,256,93021,5464
128,128_fibrosis_178,256,92946,5296
128,128_fibrosis_179,256,93138,4632
128,128_fibrosis_180,256,93060,4800
128,128_fibrosis_181,256,93210,5736
128,128_fibrosis_182,256,92931,6200
128,128_fibrosis_183,256,92748,6280
128,128_fibrosis_184,256,92625,6132
128,128_fibrosis_185,256,92673,5752
128,128_fibrosis_186,256,92271,6612
128,128_fibrosis_187,256,92154,7428
128,128_fibrosis_188,256,92088,6008
128,128_fibrosis_189,256,92361,6036
128,128_fibrosis_190,256,92121,6164
128,128_fibrosis_191,256,91320,5724
128,128_fibrosis_192,256,91191,4604
128,128_fibrosis_193,256,91056,5280
128,128_fibrosis_194,256,90843,4932
128,128_fibrosis_195,256,90771,5376
128,128_fibrosis_196,256,90372,5628
128,128_fibrosis_197,256,90078,5496
128,128_fibrosis_198,256,89955,6476
128,128_fibrosis_199,256,89724,7400
128,128_fibrosis_200,256,89325,6120
128,128_fibrosis_201,256,89187,5008
128,128_fibrosis_202,256,88887,4400
128,128_fibrosis_203,256,88698,4264
128,128_fibrosis_204,256,88404,4348
128,128_fibrosis_205,256,88341,4600
128,128_fibrosis_206,256,88203,3984
128,128_fibrosis_207,256,87861,5976
128,128_fibrosis_208,256,87882,5740
128,128_fibrosis_209,256,87627,4868
128,128_fibrosis_210,256,87534,4612
128,128_fibrosis_211,256,87213,4560
128,128_fibrosis_212,256,87081,4772
128,128_fibrosis_213,256,86661,4984
128,128_fibrosis_214,256,86565,4496
128,128_fibrosis_215,256,86205,4512
128,128_fibrosis_216,256,85788,4876
128,128_fibrosis_217,256,85635,6648
128,128_fibrosis_218,256,85473,4700
128,128_fibrosis_219,256,85338,4644
128,128_fibrosis_220,256,85176,4688
128,128_fibrosis_221,256,84780,4504
128,128_fibrosis_222,256,84876,5092
128,128_fibrosis_223,256,84516,4672
128,128_fibrosis_224,256,84027,4968
128,128_fibrosis_225,256,84030,5304
128,128_fibrosis_226,256,83739,4696
128,128_fibrosis_227,256,83334,4044
128,128_fibrosis_228,256,82809,5456
128,128_fibrosis_229,256,82734,6004
128,128_fibrosis_230,256,81888,5124
128,128_fibrosis_231,256,81489,5256
128,128_fibrosis_232,256,81246,5628
128,128_fibrosis_233,256,80661,5456
128,128_fibrosis_234,256,80223,5000
128,128_fibrosis_235,256,79476,3940
128,128_fibrosis_236,256,78924,4344
128,128_fibrosis_237,256,78543,4356
128,128_fibrosis_238,256,78117,4304
128,128_fibrosis_239,256,77541,4536
128,128_fibrosis_240,256,77067,4224
128,128_fibrosis_241,256,76539,4692
128,128_fibrosis_242,256,76326,3680
128,128_fibrosis_243,256,75783,2940
128,128_fibrosis_244,256,75306,2200
128,128_fibrosis_245,256,74823,2740
128,128_fibrosis_246,256,74367,2812
128,128_fibrosis_247,256,73884,1792
128,128_fibrosis_248,256,73122,1696
128,128_fibrosis_249,256,72627,1500
128,128_fibrosis_250,256,72090,2148
128,128_fibrosis_251,256,71586,2288
128,128_fibrosis_252,256,71148,2436
128,128_fibrosis_253,256,70431,1676
128,128_fibrosis_254,256,69759,1928
128,128_fibrosis_255,256,68931,1900
128,128_fibrosis_256,256,68331,1492
128,128_fibrosis_257,256,67731,1644
128,128_fibrosis_258,256,67023,1108
128,128_fibrosis_259,256,66315,1052
128,128_fibrosis_260,256,65583,1424
128,128_fibrosis_261,256,64710,960
128,128_fibrosis_262,256,64107,976
128,128_fibrosis_263,256,63447,764
128,128_fibrosis_264,256,62607,920
128,128_fibrosis_265,256,61851,1008
128,128_fibrosis_266,256,60882,744
128,128_fibrosis_267,256,60018,708
128,128_fibrosis_268,256,59268,736
128,128_fibrosis_269,256,58548,924
128,128_fibrosis_270,256,57678,1024
128,128_fibrosis_271,256,56871,940
128,128_fibrosis_272,256,56112,1128
128,128_fibrosis_273,256,55251,1292
128,128_fibrosis_274,256,54324,1236
128,128_fibrosis_275,256,53484,1116
128,128_fibrosis_276,256,52398,1304
128,128_fibrosis_277,256,51378,492
128,128_fibrosis_278,256,50409,588
128,128_fibrosis_279,256,49602,480
129,129_fibrosis_020,256,13446,2912
129,129_fibrosis_021,256,14241,3160
129,129_fibrosis_022,256,15357,3288
129,129_fibrosis_023,256,16797,3608
129,129_fibrosis_024,256,17946,3508
129,129_fibrosis_025,256,19491,2936
129,129_fibrosis_026,256,20868,4132
129,129_fibrosis_027,256,22971,4016
129,129_fibrosis_028,256,24666,3748
129,129_fibrosis_029,256,26493,3368
129,129_fibrosis_030,256,28443,3208
129,129_fibrosis_031,256,29913,3820
129,129_fibrosis_032,256,31398,3540
129,129_fibrosis_033,256,33009,3580
129,129_fibrosis_034,256,34482,3320
129,129_fibrosis_035,256,35634,3196
129,129_fibrosis_036,256,36888,3348
129,129_fibrosis_037,256,38061,2968
129,129_fibrosis_038,256,39042,3244
129,129_fibrosis_039,256,40260,3956
129,129_fibrosis_040,256,41253,4404
129,129_fibrosis_041,256,42501,3460
129,129_fibrosis_042,256,43698,3872
129,129_fibrosis_043,256,45660,3872
129,129_fibrosis_044,256,47361,3556
129,129_fibrosis_045,256,48993,3848
129,129_fibrosis_046,256,50688,4824
129,129_fibrosis_047,256,52503,5308
129,129_fibrosis_048,256,54615,6164
129,129_fibrosis_049,256,56232,4564
129,129_fibrosis_050,256,58140,5240
129,129_fibrosis_051,256,59796,4676
129,129_fibrosis_052,256,62007,6420
129,129_fibrosis_053,256,63921,5668
129,129_fibrosis_054,256,65526,5076
129,129_fibrosis_055,256,67263,4684
129,129_fibrosis_056,256,68697,4608
129,129_fibrosis_057,256,69933,5016
129,129_fibrosis_058,256,71520,3724
129,129_fibrosis_059,256,73224,3072
129,129_fibrosis_060,256,74754,2840
129,129_fibrosis_061,256,76650,3528
129,129_fibrosis_062,256,78459,4072
129,129_fibrosis_063,256,80514,3864
129,129_fibrosis_064,256,82554,3288
129,129_fibrosis_065,256,84852,3544
129,129_fibrosis_066,256,86949,3368
129,129_fibrosis_067,256,89223,3336
129,129_fibrosis_068,256,90864,3220
129,129_fibrosis_069,256,92766,3372
129,129_fibrosis_070,256,94632,4124
129,129_fibrosis_071,256,96669,3288
129,129_fibrosis_072,256,98592,3824
129,129_fibrosis_073,256,100014,3912
129,129_fibrosis_074,256,101043,4216
129,129_fibrosis_075,256,101916,4040
129,129_fibrosis_076,256,102705,3628
129,129_fibrosis_077,256,103209,2828
129,129_fibrosis_078,256,103785,2964
129,129_fibrosis_079,256,104388,2884
129,129_fibrosis_080,256,105168,2912
129,129_fibrosis_081,256,105459,4088
129,129_fibrosis_082,256,105924,3336
129,129_fibrosis_083,256,105891,3472
129,129_fibrosis_084,256,105639,4288
129,129_fibrosis_085,256,105489,4020
129,129_fibrosis_086,256,105414,4028
129,129_fibrosis_087,256,105390,4044
129,129_fibrosis_088,256,105159,4016
129,129_fibrosis_089,256,104799,3912
129,129_fibrosis_090,256,104490,3488
129,129_fibrosis_091,256,104406,2728
129,129_fibrosis_092,256,104280,2604
129,129_fibrosis_093,256,104031,2440
129,129_fibrosis_094,256,103914,2516
129,129_fibrosis_095,256,103413,3340
129,129_fibrosis_096,256,103362,2832
129,129_fibrosis_097,256,103131,3088
129,129_fibrosis_098,256,102867,3488
129,129_fibrosis_099,256,102549,2980
129,129_fibrosis_100,256,102492,4480
129,129_fibrosis_101,256,102357,4284
129,129_fibrosis_102,256,102234,6960
129,129_fibrosis_103,256,102006,6748
129,129_fibrosis_104,256,101970,5108
129,129_fibrosis_105,256,102042,5436
129,129_fibrosis_106,256,101853,6280
129,129_fibrosis_107,256,101715,6232
129,129_fibrosis_108,256,101442,6280
129,129_fibrosis_109,256,101145,6520
129,129_fibrosis_110,256,101070,6120
129,129_fibrosis_111,256,100983,7904
129,129_fibrosis_112,256,100836,7336
129,129_fibrosis_113,256,100677,7584
129,129_fibrosis_114,256,100422,6932
129,129_fibrosis_115,256,100233,5792
129,129_fibrosis_116,256,99708,5088
129,129_fibrosis_117,256,99402,4352
129,129_fibrosis_118,256,99081,5168
129,129_fibrosis_119,256,98757,5816
129,129_fibrosis_120,256,98565,4260
129,129_fibrosis_121,256,98259,4860
129,129_fibrosis_122,256,98214,4732
129,129_fibrosis_123,256,98250,4980
129,129_fibrosis_124,256,97926,4932
129,129_fibrosis_125,256,97905,5080
129,129_fibrosis_126,256,97761,4432
129,129_fibrosis_127,256,97893,3588
129,129_fibrosis_128,256,97851,4052
129,129_fibrosis_129,256,98055,4880
129,129_fibrosis_130,256,98151,4504
129,129_fibrosis_131,256,97899,4420
129,129_fibrosis_132,256,97881,4292
129,129_fibrosis_133,256,97686,3940
129,129_fibrosis_134,256,97662,4036
129,129_fibrosis_135,256,97578,3120
129,129_fibrosis_136,256,97443,2516
129,129_fibrosis_137,256,97371,2136
129,129_fibrosis_138,256,97212,1900
129,129_fibrosis_139,256,97362,1732
129,129_fibrosis_140,256,97401,1720
129,129_fibrosis_141,256,97428,1600
129,129_fibrosis_142,256,97341,1608
129,129_fibrosis_143,256,97224,1228
129,129_fibrosis_144,256,97125,1196
129,129_fibrosis_145,256,96897,1380
129,129_fibrosis_146,256,96768,1376
129,129_fibrosis_147,256,96450,1080
129,129_fibrosis_148,256,96387,1112
129,129_fibrosis_149,256,96108,1216
129,129_fibrosis_150,256,95970,916
129,129_fibrosis_151,256,95817,596
129,129_fibrosis_152,256,95532,976
129,129_fibrosis_153,256,95238,1044
129,129_fibrosis_154,256,94854,1296
129,129_fibrosis_155,256,94719,1328
129,129_fibrosis_156,256,94662,756
129,129_fibrosis_157,256,94641,840
129,129_fibrosis_158,256,94323,800
129,129_fibrosis_159,256,93837,1176
129,129_fibrosis_160,256,93213,572
129,129_fibrosis_161,256,93084,448
129,129_fibrosis_162,256,93027,932
129,129_fibrosis_163,256,92415,1212
129,129_fibrosis_164,256,92247,1076
129,129_fibrosis_165,256,91539,1120
129,129_fibrosis_166,256,89976,968
129,129_fibrosis_167,256,89127,1344
129,129_fibrosis_168,256,89028,1052
129,129_fibrosis_169,256,88806,1668
129,129_fibrosis_170,256,88683,1316
129,129_fibrosis_171,256,88788,1540
129,129_fibrosis_172,256,88539,1612
129,129_fibrosis_173,256,88050,1372
129,129_fibrosis_174,256,88008,1440
129,129_fibrosis_175,256,87879,1936
129,129_fibrosis_176,256,87498,2352
129,129_fibrosis_177,256,87246,2924
129,129_fibrosis_178,256,87276,2892
129,129_fibrosis_179,256,87045,2560
129,129_fibrosis_180,256,86787,2628
129,129_fibrosis_181,256,86499,3512
129,129_fibrosis_182,256,86181,2660
129,129_fibrosis_183,256,85992,2664
129,129_fibrosis_184,256,86433,2660
129,129_fibrosis_185,256,86040,3192
129,129_fibrosis_186,256,85968,3424
129,129_fibrosis_187,256,85791,3364
129,129_fibrosis_188,256,85401,3100
129,129_fibrosis_189,256,85020,2408
129,129_fibrosis_190,256,84924,2188
129,129_fibrosis_191,256,84657,2968
129,129_fibrosis_192,256,84465,3712
129,129_fibrosis_193,256,84477,3452
129,129_fibrosis_194,256,83937,2804
129,129_fibrosis_195,256,83715,2648
129,129_fibrosis_196,256,83523,3136
129,129_fibrosis_197,256,83460,3268
129,129_fibrosis_198,256,83256,3644
129,129_fibrosis_199,256,82911,3576
129,129_fibrosis_200,256,82590,2812
129,129_fibrosis_201,256,82458,2856
129,129_fibrosis_202,256,82308,3228
129,129_fibrosis_203,256,81738,2420
129,129_fibrosis_204,256,81216,2360
129,129_fibrosis_205,256,81099,2048
129,129_fibrosis_206,256,80898,2492
129,129_fibrosis_207,256,80658,2340
129,129_fibrosis_208,256,80403,2020
129,129_fibrosis_209,256,80277,2132
129,129_fibrosis_210,256,80445,2388
129,129_fibrosis_211,256,80136,2424
129,129_fibrosis_212,256,79935,2176
129,129_fibrosis_213,256,79755,2460
129,129_fibrosis_214,256,79461,2928
129,129_fibrosis_215,256,79482,3236
129,129_fibrosis_216,256,79530,2592
129,129_fibrosis_217,256,79035,2416
129,129_fibrosis_218,256,79068,3064
129,129_fibrosis_219,256,78765,3076
129,129_fibrosis_220,256,78525,3248
129,129_fibrosis_221,256,78429,3088
129,129_fibrosis_222,256,78243,2416
129,129_fibrosis_223,256,78285,2384
129,129_fibrosis_224,256,78609,2648
129,129_fibrosis_225,256,78354,2796
129,129_fibrosis_226,256,78336,3348
129,129_fibrosis_227,256,78180,2532
129,129_fibrosis_228,256,78048,2196
129,129_fibrosis_229,256,77817,1776
129,129_fibrosis_230,256,77745,2080
129,129_fibrosis_231,256,76899,3588
129,129_fibrosis_232,256,76653,3132
129,129_fibrosis_233,256,76218,2672
129,129_fibrosis_234,256,75723,3184
129,129_fibrosis_235,256,75660,2968
129,129_fibrosis_236,256,75642,2028
129,129_fibrosis_237,256,75213,1408
129,129_fibrosis_238,256,75270,2276
129,129_fibrosis_239,256,74910,2488
129,129_fibrosis_240,256,74406,2860
129,129_fibrosis_241,256,74160,2920
129,129_fibrosis_242,256,73947,2976
129,129_fibrosis_243,256,73548,2408
129,129_fibrosis_244,256,73032,4432
129,129_fibrosis_245,256,72576,3828
129,129_fibrosis_246,256,72267,4224
129,129_fibrosis_247,256,71832,4140
129,129_fibrosis_248,256,71010,3536
129,129_fibrosis_249,256,70611,3676
129,129_fibrosis_250,256,70293,3860
129,129_fibrosis_251,256,69561,4140
129,129_fibrosis_252,256,68919,4584
129,129_fibrosis_253,256,68415,4632
129,129_fibrosis_254,256,67641,3464
129,129_fibrosis_255,256,67041,3044
129,129_fibrosis_256,256,66645,3160
129,129_fibrosis_257,256,65964,2276
129,129_fibrosis_258,256,65229,1964
129,129_fibrosis_259,256,64512,2348
129,129_fibrosis_260,256,63684,2576
129,129_fibrosis_261,256,62685,1920
129,129_fibrosis_262,256,61938,1328
129,129_fibrosis_263,256,61317,1308
129,129_fibrosis_264,256,60423,1704
129,129_fibrosis_265,256,59445,1316
129,129_fibrosis_266,256,58497,1128
129,129_fibrosis_267,256,57612,1376
129,129_fibrosis_268,256,56898,1728
129,129_fibrosis_269,256,55884,1612
129,129_fibrosis_270,256,55104,1892
129,129_fibrosis_271,256,54135,1676
129,129_fibrosis_272,256,53364,1236
129,129_fibrosis_273,256,52044,1316
129,129_fibrosis_274,256,51117,1316
129,129_fibrosis_275,256,50274,1180
129,129_fibrosis_276,256,49059,980
129,129_fibrosis_277,256,48351,768
129,129_fibrosis_278,256,47631,1152
129,129_fibrosis_279,256,46944,1960
129,129_fibrosis_280,256,46122,2680
129,129_fibrosis_281,256,45435,2188
129,129_fibrosis_282,256,44490,2032
129,129_fibrosis_283,256,43581,1608
129,129_fibrosis_284,256,42882,936
129,129_fibrosis_285,256,42174,1684
129,129_fibrosis_286,256,41139,1664
129,129_fibrosis_287,256,40062,1468
129,129_fibrosis_288,256,39132,1288
129,129_fibrosis_289,256,38100,1236
129,129_fibrosis_290,256,37068,800
129,129_fibrosis_291,256,35931,360
129,129_fibrosis_292,256,35007,456
192,192_fibrosis_020,256,3507,1372
192,192_fibrosis_021,256,3768,1632
192,192_fibrosis_022,256,4023,1808
192,192_fibrosis_023,256,4029,1344
192,192_fibrosis_024,256,4200,1428
192,192_fibrosis_025,256,5058,1904
192,192_fibrosis_026,256,5244,2244
192,192_fibrosis_027,256,5826,2484
192,192_fibrosis_028,256,6786,2480
192,192_fibrosis_029,256,7647,2720
192,192_fibrosis_030,256,7755,2452
192,192_fibrosis_031,256,8262,2760
192,192_fibrosis_032,256,8808,2548
192,192_fibrosis_033,256,9432,2760
192,192_fibrosis_034,256,10101,3324
192,192_fibrosis_035,256,10530,2620
192,192_fibrosis_036,256,11241,2888
192,192_fibrosis_037,256,11997,3296
192,192_fibrosis_038,256,12495,3008
192,192_fibrosis_039,256,12693,3628
192,192_fibrosis_040,256,13506,3688
192,192_fibrosis_041,256,14235,3940
192,192_fibrosis_042,256,15132,4212
192,192_fibrosis_043,256,16071,3720
192,192_fibrosis_044,256,16884,4480
192,192_fibrosis_045,256,17412,4628
192,192_fibrosis_046,256,18096,4652
192,192_fibrosis_047,256,18774,4628
192,192_fibrosis_048,256,19452,5372
192,192_fibrosis_049,256,20535,5292
192,192_fibrosis_050,256,21333,5484
192,192_fibrosis_051,256,22005,5108
192,192_fibrosis_052,256,23112,5844
192,192_fibrosis_053,256,24186,6580
192,192_fibrosis_054,256,25284,5664
192,192_fibrosis_055,256,26109,7560
192,192_fibrosis_056,256,26646,7480
192,192_fibrosis_057,256,27435,7144
192,192_fibrosis_058,256,28152,6936
192,192_fibrosis_059,256,29187,7160
192,192_fibrosis_060,256,29814,8000
192,192_fibrosis_061,256,30849,8556
192,192_fibrosis_062,256,32064,8288
192,192_fibrosis_063,256,32844,6852
192,192_fibrosis_064,256,33957,6876
192,192_fibrosis_065,256,34935,5624
192,192_fibrosis_066,256,36081,5332
192,192_fibrosis_067,256,36876,4264
192,192_fibrosis_068,256,37968,6552
192,192_fibrosis_069,256,39105,5380
192,192_fibrosis_070,256,40584,6880
192,192_fibrosis_071,256,41739,5748
192,192_fibrosis_072,256,43065,5824
192,192_fibrosis_073,256,44274,6156
192,192_fibrosis_074,256,45381,6040
192,192_fibrosis_075,256,46407,6856
192,192_fibrosis_076,256,47670,6788
192,192_fibrosis_077,256,48657,6264
192,192_fibrosis_078,256,49779,5964
192,192_fibrosis_079,256,51330,6112
192,192_fibrosis_080,256,53244,5652
192,192_fibrosis_081,256,55086,6600
192,192_fibrosis_082,256,56466,5416
192,192_fibrosis_083,256,57915,5280
192,192_fibrosis_084,256,59643,3948
192,192_fibrosis_085,256,61314,5008
192,192_fibrosis_086,256,62580,6236
192,192_fibrosis_087,256,63801,6192
192,192_fibrosis_088,256,64974,6272
192,192_fibrosis_089,256,65880,6700
192,192_fibrosis_090,256,66798,7088
192,192_fibrosis_091,256,67662,7076
192,192_fibrosis_092,256,68781,6176
192,192_fibrosis_093,256,69936,5228
192,192_fibrosis_094,256,71010,6364
192,192_fibrosis_095,256,71997,6392
192,192_fibrosis_096,256,73275,5848
192,192_fibrosis_097,256,74304,7620
192,192_fibrosis_098,256,74853,6424
192,192_fibrosis_099,256,75498,6192
192,192_fibrosis_100,256,76446,7032
192,192_fibrosis_101,256,77031,7448
192,192_fibrosis_102,256,77421,6476
192,192_fibrosis_103,256,77730,5860
192,192_fibrosis_104,256,78237,4500
192,192_fibrosis_105,256,78888,4704
192,192_fibrosis_106,256,79596,7104
192,192_fibrosis_107,256,80457,6836
192,192_fibrosis_108,256,81249,6596
192,192_fibrosis_109,256,81987,6176
192,192_fibrosis_110,256,81807,6268
192,192_fibrosis_111,256,82176,5252
192,192_fibrosis_112,256,82671,4188
192,192_fibrosis_113,256,83355,4408
192,192_fibrosis_114,256,84207,4608
192,192_fibrosis_115,256,85221,5084
192,192_fibrosis_116,256,85569,5408
192,192_fibrosis_117,256,85482,5160
192,192_fibrosis_118,256,86142,5596
192,192_fibrosis_119,256,85797,5168
192,192_fibrosis_120,256,86436,4568
192,192_fibrosis_121,256,86478,5016
192,192_fibrosis_122,256,85947,8108
192,192_fibrosis_123,256,85887,4424
192,192_fibrosis_124,256,85602,5824
192,192_fibrosis_125,256,85221,7644
192,192_fibrosis_126,256,84960,5804
192,192_fibrosis_127,256,84798,4932
192,192_fibrosis_128,256,85086,3456
192,192_fibrosis_129,256,85146,3736
192,192_fibrosis_130,256,84900,4060
192,192_fibrosis_131,256,83964,4396
192,192_fibrosis_132,256,83109,2416
192,192_fibrosis_133,256,82614,6016
192,192_fibrosis_134,256,82887,4340
192,192_fibrosis_135,256,83373,4660
192,192_fibrosis_136,256,83670,4060
192,192_fibrosis_137,256,83694,2956
192,192_fibrosis_138,256,83742,3572
192,192_fibrosis_139,256,82815,3732
192,192_fibrosis_140,256,82404,3480
192,192_fibrosis_141,256,81933,2860
192,192_fibrosis_142,256,81951,3544
192,192_fibrosis_143,256,82215,3848
192,192_fibrosis_144,256,82572,3328
192,192_fibrosis_145,256,83010,3072
192,192_fibrosis_146,256,82626,2720
192,192_fibrosis_147,256,82188,2704
192,192_fibrosis_148,256,82341,2140
192,192_fibrosis_149,256,82611,2556
192,192_fibrosis_150,256,82140,2692
192,192_fibrosis_151,256,81741,3912
192,192_fibrosis_152,256,81207,4636
192,192_fibrosis_153,256,80436,4640
192,192_fibrosis_154,256,79677,3572
192,192_fibrosis_155,256,79257,2168
192,192_fibrosis_156,256,78972,3604
192,192_fibrosis_157,256,78600,2496
192,192_fibrosis_158,256,78639,4548
192,192_fibrosis_159,256,78366,3448
192,192_fibrosis_160,256,77760,5064
192,192_fibrosis_161,256,78282,6132
192,192_fibrosis_162,256,78639,5992
192,192_fibrosis_163,256,78849,5392
192,192_fibrosis_164,256,79119,4976
192,192_fibrosis_165,256,78744,5168
192,192_fibrosis_166,256,78720,3256
192,192_fibrosis_167,256,78840,6800
192,192_fibrosis_168,256,78537,4236
192,192_fibrosis_169,256,78717,5436
192,192_fibrosis_170,256,78753,6204
192,192_fibrosis_171,256,78771,4728
192,192_fibrosis_172,256,78723,5768
192,192_fibrosis_173,256,78705,5120
192,192_fibrosis_174,256,78378,5556
192,192_fibrosis_175,256,77943,3612
192,192_fibrosis_176,256,78183,5536
192,192_fibrosis_177,256,77811,2808
192,192_fibrosis_178,256,77535,2932
192,192_fibrosis_179,256,76941,3856
192,192_fibrosis_180,256,76851,4808
192,192_fibrosis_181,256,76749,6988
192,192_fibrosis_182,256,76407,3928
192,192_fibrosis_183,256,76035,4392
192,192_fibrosis_184,256,75783,4452
192,192_fibrosis_185,256,75273,3672
192,192_fibrosis_186,256,75006,3304
192,192_fibrosis_187,256,74478,3272
192,192_fibrosis_188,256,74103,4336
192,192_fibrosis_189,256,74046,3684
192,192_fibrosis_190,256,73443,4628
192,192_fibrosis_191,256,73026,4796
192,192_fibrosis_192,256,72690,5296
192,192_fibrosis_193,256,72675,4616
192,192_fibrosis_194,256,72339,4520
192,192_fibrosis_195,256,72009,2924
192,192_fibrosis_196,256,71586,3928
192,192_fibrosis_197,256,71013,4148
192,192_fibrosis_198,256,70263,4684
192,192_fibrosis_199,256,69987,4120
192,192_fibrosis_200,256,69978,3908
192,192_fibrosis_201,256,69912,3976
192,192_fibrosis_202,256,69750,3932
192,192_fibrosis_203,256,70101,3728
192,192_fibrosis_204,256,70263,3028
192,192_fibrosis_205,256,70446,2664
192,192_fibrosis_206,256,70344,2780
192,192_fibrosis_207,256,69891,3240
192,192_fibrosis_208,256,69657,4340
192,192_fibrosis_209,256,69705,3876
192,192_fibrosis_210,256,69567,3104
192,192_fibrosis_211,256,69516,4240
192,192_fibrosis_212,256,69060,4016
192,192_fibrosis_213,256,69159,3512
192,192_fibrosis_214,256,69045,3656
192,192_fibrosis_215,256,68739,2972
192,192_fibrosis_216,256,68469,2648
192,192_fibrosis_217,256,68280,2624
192,192_fibrosis_218,256,67767,1724
192,192_fibrosis_219,256,67452,1460
192,192_fibrosis_220,256,67131,752
192,192_fibrosis_221,256,66522,428
192,192_fibrosis_222,256,65889,580
192,192_fibrosis_223,256,65226,3024
192,192_fibrosis_224,256,64794,2160
192,192_fibrosis_225,256,64023,2680
192,192_fibrosis_226,256,63261,2304
192,192_fibrosis_227,256,62706,1232
192,192_fibrosis_228,256,61929,1132
192,192_fibrosis_229,256,61269,1572
192,192_fibrosis_230,256,60498,3304
192,192_fibrosis_231,256,59883,2240
192,192_fibrosis_232,256,59004,2412
192,192_fibrosis_233,256,58353,2608
192,192_fibrosis_234,256,57915,2184
192,192_fibrosis_235,256,57264,2180
192,192_fibrosis_236,256,56712,1236
192,192_fibrosis_237,256,56283,792
192,192_fibrosis_238,256,55839,692
192,192_fibrosis_239,256,55278,1836
192,192_fibrosis_240,256,54672,2404
192,192_fibrosis_241,256,54174,1852
192,192_fibrosis_242,256,53235,1680
192,192_fibrosis_243,256,52647,1516
192,192_fibrosis_244,256,52251,1092
192,192_fibrosis_245,256,51873,1444
192,192_fibrosis_246,256,51021,2176
192,192_fibrosis_247,256,50487,1008
192,192_fibrosis_248,256,49827,3296
192,192_fibrosis_249,256,48852,1568
192,192_fibrosis_250,256,47790,784
192,192_fibrosis_251,256,47259,876
192,192_fibrosis_252,256,46329,1016
192,192_fibrosis_253,256,45693,1016
192,192_fibrosis_254,256,44931,2220
192,192_fibrosis_255,256,44067,1768
192,192_fibrosis_256,256,42897,296
192,192_fibrosis_257,256,41838,1280
192,192_fibrosis_258,256,40944,1924
192,192_fibrosis_259,256,40011,2448
192,192_fibrosis_260,256,39174,2608
192,192_fibrosis_261,256,38145,2276
192,192_fibrosis_262,256,37263,2140
192,192_fibrosis_263,256,36093,1816
192,192_fibrosis_264,256,35013,1028
192,192_fibrosis_266,256,32922,796
192,192_fibrosis_280,256,20766,0
193,193_fibrosis_020,256,9549,1912
193,193_fibrosis_021,256,10632,2024
193,193_fibrosis_022,256,11712,2124
193,193_fibrosis_023,256,12867,2264
193,193_fibrosis_024,256,14136,1796
193,193_fibrosis_025,256,15255,2544
193,193_fibrosis_026,256,16551,2812
193,193_fibrosis_027,256,17895,3332
193,193_fibrosis_028,256,18705,2920
193,193_fibrosis_029,256,19767,2504
193,193_fibrosis_030,256,20628,2140
193,193_fibrosis_031,256,21852,2936
193,193_fibrosis_032,256,22944,2776
193,193_fibrosis_033,256,24012,2544
193,193_fibrosis_034,256,25494,1712
193,193_fibrosis_035,256,27105,2348
193,193_fibrosis_036,256,28545,2348
193,193_fibrosis_037,256,29706,2544
193,193_fibrosis_038,256,30744,2452
193,193_fibrosis_039,256,32439,2452
193,193_fibrosis_040,256,33600,2492
193,193_fibrosis_041,256,35163,2704
193,193_fibrosis_042,256,36168,2756
193,193_fibrosis_043,256,37725,2488
193,193_fibrosis_044,256,39618,3308
193,193_fibrosis_045,256,40467,3896
193,193_fibrosis_046,256,42081,4424
193,193_fibrosis_047,256,43608,4240
193,193_fibrosis_048,256,45381,2704
193,193_fibrosis_049,256,47100,4400
193,193_fibrosis_050,256,48633,3400
193,193_fibrosis_051,256,50412,4080
193,193_fibrosis_052,256,52452,3280
193,193_fibrosis_053,256,54717,3836
193,193_fibrosis_054,256,57072,3760
193,193_fibrosis_055,256,58818,4068
193,193_fibrosis_056,256,60819,4696
193,193_fibrosis_057,256,62496,3984
193,193_fibrosis_058,256,64254,4836
193,193_fibrosis_059,256,66147,4072
193,193_fibrosis_060,256,67353,3316
193,193_fibrosis_061,256,68733,5276
193,193_fibrosis_062,256,70560,3656
193,193_fibrosis_063,256,72312,4260
193,193_fibrosis_064,256,73662,4200
193,193_fibrosis_065,256,75141,3724
193,193_fibrosis_066,256,76854,3740
193,193_fibrosis_067,256,78519,4392
193,193_fibrosis_068,256,79962,3996
193,193_fibrosis_069,256,81597,2812
193,193_fibrosis_070,256,82443,3344
193,193_fibrosis_071,256,83169,3532
193,193_fibrosis_072,256,83028,3208
193,193_fibrosis_073,256,83145,3248
193,193_fibrosis_074,256,83664,3196
193,193_fibrosis_075,256,83901,3300
193,193_fibrosis_076,256,83745,3996
193,193_fibrosis_077,256,83904,3596
193,193_fibrosis_078,256,83433,3740
193,193_fibrosis_079,256,83577,3472
193,193_fibrosis_080,256,84111,3248
193,193_fibrosis_081,256,84327,2516
193,193_fibrosis_082,256,84294,2080
193,193_fibrosis_083,256,84561,2056
193,193_fibrosis_084,256,84906,3124
193,193_fibrosis_085,256,84930,1944
193,193_fibrosis_086,256,84405,1808
193,193_fibrosis_087,256,84573,1684
193,193_fibrosis_088,256,84519,1472
193,193_fibrosis_089,256,84636,1500
193,193_fibrosis_090,256,84534,1776
193,193_fibrosis_091,256,84312,1612
193,193_fibrosis_092,256,83973,1344
193,193_fibrosis_093,256,84069,1496
193,193_fibrosis_094,256,84090,1444
193,193_fibrosis_095,256,84099,1320
193,193_fibrosis_096,256,83985,1360
193,193_fibrosis_097,256,83484,1392
193,193_fibrosis_098,256,82650,1460
193,193_fibrosis_099,256,81510,1344
193,193_fibrosis_100,256,81510,1408
193,193_fibrosis_101,256,82452,1480
193,193_fibrosis_102,256,82476,1384
193,193_fibrosis_103,256,82308,1384
193,193_fibrosis_104,256,82182,1260
193,193_fibrosis_105,256,81957,1236
193,193_fibrosis_106,256,81186,1088
193,193_fibrosis_107,256,80673,1712
193,193_fibrosis_108,256,80232,1572
193,193_fibrosis_109,256,79833,1624
193,193_fibrosis_110,256,79548,1668
193,193_fibrosis_111,256,79098,2032
193,193_fibrosis_112,256,78660,1208
193,193_fibrosis_113,256,78252,1604
193,193_fibrosis_114,256,77682,1480
193,193_fibrosis_115,256,77778,1600
193,193_fibrosis_116,256,77175,1652
193,193_fibrosis_117,256,76749,1240
193,193_fibrosis_118,256,76224,1056
193,193_fibrosis_119,256,76200,1260
193,193_fibrosis_120,256,75894,1132
193,193_fibrosis_121,256,75555,1172
193,193_fibrosis_122,256,75822,876
193,193_fibrosis_123,256,75753,400
193,193_fibrosis_124,256,75459,896
193,193_fibrosis_125,256,74745,1228
193,193_fibrosis_126,256,74727,1160
193,193_fibrosis_127,256,74337,1192
193,193_fibrosis_128,256,73635,1456
193,193_fibrosis_129,256,73917,1012
193,193_fibrosis_130,256,73962,1760
193,193_fibrosis_131,256,73800,2068
193,193_fibrosis_132,256,73338,2580
193,193_fibrosis_133,256,73272,4120
193,193_fibrosis_134,256,72669,4416
193,193_fibrosis_135,256,72228,5052
193,193_fibrosis_136,256,71892,5640
193,193_fibrosis_137,256,71760,5356
193,193_fibrosis_138,256,72168,4752
193,193_fibrosis_139,256,72303,3912
193,193_fibrosis_140,256,72264,5380
193,193_fibrosis_141,256,72312,5088
193,193_fibrosis_142,256,72210,3936
193,193_fibrosis_143,256,72171,3428
193,193_fibrosis_144,256,72036,3540
193,193_fibrosis_145,256,71931,3656
193,193_fibrosis_146,256,71781,3472
193,193_fibrosis_147,256,71901,3440
193,193_fibrosis_148,256,71580,3704
193,193_fibrosis_149,256,71226,2836
193,193_fibrosis_150,256,71175,2944
193,193_fibrosis_151,256,71007,3292
193,193_fibrosis_152,256,71316,3772
193,193_fibrosis_153,256,71334,2136
193,193_fibrosis_154,256,71139,3368
193,193_fibrosis_155,256,71025,4156
193,193_fibrosis_156,256,70923,2756
193,193_fibrosis_157,256,70617,2856
193,193_fibrosis_158,256,70779,3648
193,193_fibrosis_159,256,70635,2284
193,193_fibrosis_160,256,70482,2804
193,193_fibrosis_161,256,70287,3448
193,193_fibrosis_162,256,69870,3440
193,193_fibrosis_163,256,69768,3388
193,193_fibrosis_164,256,69822,3460
193,193_fibrosis_165,256,69480,3368
193,193_fibrosis_166,256,69168,2840
193,193_fibrosis_167,256,68913,3060
193,193_fibrosis_168,256,68517,3468
193,193_fibrosis_169,256,67773,3352
193,193_fibrosis_170,256,67101,1888
193,193_fibrosis_171,256,66690,2112
193,193_fibrosis_172,256,66234,3036
193,193_fibrosis_173,256,66174,3944
193,193_fibrosis_174,256,65514,3392
193,193_fibrosis_175,256,65382,2472
193,193_fibrosis_176,256,64425,2444
193,193_fibrosis_177,256,64104,2500
193,193_fibrosis_178,256,63543,2148
193,193_fibrosis_179,256,63090,1724
193,193_fibrosis_180,256,62538,2328
193,193_fibrosis_181,256,62106,2220
193,193_fibrosis_182,256,61269,2032
193,193_fibrosis_183,256,60627,1760
193,193_fibrosis_184,256,59706,1756
193,193_fibrosis_185,256,58995,1448
193,193_fibrosis_186,256,58404,1464
193,193_fibrosis_187,256,57720,1552
193,193_fibrosis_189,256,56403,744
193,193_fibrosis_190,256,55764,1148
193,193_fibrosis_191,256,55074,1428
193,193_fibrosis_208,256,39351,696
193,193_fibrosis_209,256,38079,528
